timestamp,interval(s),volt_0,volt_1,volt_2,volt_3,volt_4,volt_5,volt_6,volt_7,volt_8,volt_9,volt_10,volt_11
2020-05-27 11:15:32.657438,0.1092,0.5249,0.5288,0.4897,0.2542,0.4164,0.567,0.2688,0.4956,0.4692,0.4428,0.4907,0.5288
2020-05-27 11:15:32.751038,0.2028,0.5298,0.5318,0.4907,0.2825,0.4164,0.567,0.2688,0.4956,0.4692,0.4428,0.4907,0.5288
2020-05-27 11:15:32.860238,0.312,0.5034,0.5562,0.5191,0.4233,0.5161,0.6031,0.0714,0.3666,0.2571,0.347,0.4125,0.4917
2020-05-27 11:15:32.953838,0.4056,0.4917,0.5513,0.52,0.4242,0.5122,0.6002,0.0469,0.3353,0.2424,0.3226,0.3763,0.4761
2020-05-27 11:15:33.063038,0.5148,0.4311,0.4888,0.4985,0.4301,0.4506,0.5611,0.2923,0.4712,0.3157,0.3128,0.4721,0.5132
2020-05-27 11:15:33.156638,0.6084,0.437,0.4536,0.4575,0.2375,0.3685,0.5318,0.5064,0.607,0.4673,0.3783,0.5406,0.5552
2020-05-27 11:15:33.250238,0.702,0.4379,0.4506,0.4467,0.2209,0.3607,0.5318,0.5064,0.607,0.4673,0.3783,0.5406,0.5552
2020-05-27 11:15:33.359438,0.8112,0.3666,0.3529,0.3949,0.1828,0.3148,0.5064,0.5591,0.6413,0.5298,0.4585,0.5767,0.6139
2020-05-27 11:15:33.453038,0.9048,0.3294,0.3558,0.4545,0.2805,0.3216,0.5132,0.4927,0.6403,0.5161,0.4839,0.5455,0.5855
2020-05-27 11:15:33.562238,1.014,0.3705,0.3783,0.4585,0.2962,0.3558,0.5298,0.4506,0.6276,0.4917,0.4761,0.5318,0.5709
2020-05-27 11:15:33.655838,1.1076,0.4809,0.4878,0.479,0.3754,0.4731,0.5953,0.2639,0.5024,0.4135,0.4184,0.4927,0.5171
2020-05-27 11:15:33.749438,1.2012,0.4272,0.4956,0.4995,0.4252,0.4976,0.5992,0.2375,0.4663,0.2952,0.35,0.4311,0.4946
2020-05-27 11:15:33.858638,1.3104,0.4272,0.4848,0.5024,0.433,0.4907,0.5934,0.2072,0.4497,0.2845,0.35,0.4311,0.4946
2020-05-27 11:15:33.952238,1.404,0.4174,0.4497,0.4839,0.3969,0.4418,0.5621,0.2688,0.5181,0.4184,0.4066,0.4917,0.5093
2020-05-27 11:15:34.061438,1.5132,0.3597,0.4037,0.4399,0.2923,0.3763,0.5474,0.5171,0.6246,0.5132,0.4311,0.5464,0.5718
2020-05-27 11:15:34.155038,1.6068,0.3578,0.3988,0.434,0.2835,0.3539,0.5474,0.5171,0.6246,0.5132,0.4311,0.5464,0.5718
2020-05-27 11:15:34.264238,1.716,0.2434,0.3099,0.4125,0.2698,0.3148,0.4927,0.5073,0.6403,0.5572,0.4839,0.5699,0.6041
2020-05-27 11:15:34.357838,1.8096,0.2522,0.3177,0.4282,0.2864,0.3177,0.4956,0.5034,0.6413,0.5601,0.4858,0.564,0.6012
2020-05-27 11:15:34.451438,1.9032,0.3451,0.3891,0.4712,0.35,0.3851,0.5415,0.4252,0.5924,0.4927,0.4594,0.4917,0.5259
2020-05-27 11:15:34.560638,2.0124,0.4809,0.4995,0.4966,0.4272,0.4985,0.6051,0.2942,0.4741,0.4145,0.3949,0.4604,0.4868
2020-05-27 11:15:34.654238,2.106,0.4829,0.5073,0.5005,0.435,0.4985,0.6051,0.2942,0.4741,0.4145,0.3773,0.4506,0.4878
2020-05-27 11:15:34.763438,2.2152,0.4448,0.4956,0.4927,0.4194,0.4829,0.5875,0.1916,0.3783,0.2669,0.2796,0.3284,0.3842
2020-05-27 11:15:34.857038,2.3088,0.4154,0.4565,0.4888,0.4291,0.4106,0.5523,0.4897,0.565,0.3597,0.3236,0.4477,0.4897
2020-05-27 11:15:34.950638,2.4024,0.4154,0.4565,0.4888,0.4291,0.4106,0.5523,0.4897,0.565,0.3871,0.3265,0.4682,0.4897
2020-05-27 11:15:35.059838,2.5116,0.3773,0.3969,0.434,0.2854,0.3519,0.5396,0.5406,0.6325,0.5543,0.4448,0.5513,0.563
2020-05-27 11:15:35.153438,2.6052,0.3011,0.3236,0.3675,0.2766,0.3509,0.5386,0.5787,0.6432,0.5748,0.4604,0.5582,0.5699
2020-05-27 11:15:35.262638,2.7144,0.304,0.3284,0.39,0.2776,0.3206,0.5171,0.3978,0.6031,0.5797,0.4917,0.5425,0.5533
2020-05-27 11:15:35.356238,2.808,0.5083,0.4868,0.4653,0.3138,0.4223,0.5816,0.2962,0.4976,0.5455,0.479,0.4819,0.4956
2020-05-27 11:15:35.449838,2.9016,0.5103,0.4868,0.4633,0.3382,0.4291,0.5885,0.305,0.5024,0.5425,0.4721,0.48,0.4946
2020-05-27 11:15:35.559038,3.0108,0.5103,0.4995,0.4751,0.4145,0.5064,0.6129,0.3666,0.4897,0.4506,0.347,0.4223,0.4682
2020-05-27 11:15:35.652638,3.1044,0.4096,0.4457,0.4868,0.433,0.4741,0.5855,0.303,0.4282,0.3539,0.2893,0.3607,0.4516
2020-05-27 11:15:35.761838,3.2136,0.4008,0.4428,0.4868,0.434,0.4682,0.5816,0.303,0.4282,0.3539,0.2893,0.3607,0.4516
2020-05-27 11:15:35.855438,3.3072,0.3558,0.3851,0.4418,0.4008,0.3881,0.5533,0.52,0.6012,0.5122,0.4115,0.5415,0.5758
2020-05-27 11:15:35.949038,3.4008,0.3861,0.3861,0.3803,0.2102,0.3392,0.5161,0.5386,0.6432,0.5963,0.4917,0.5806,0.6119
2020-05-27 11:15:36.058238,3.51,0.4037,0.39,0.3861,0.2053,0.3392,0.5161,0.5386,0.6432,0.5963,0.4917,0.5806,0.6119
2020-05-27 11:15:36.151838,3.6036,0.2111,0.2972,0.4145,0.2727,0.2845,0.4614,0.3216,0.5904,0.5904,0.5064,0.564,0.5894
2020-05-27 11:15:36.261038,3.7128,0.4848,0.478,0.4604,0.219,0.3793,0.5523,0.2913,0.5103,0.5269,0.48,0.5112,0.5406
2020-05-27 11:15:36.354638,3.8064,0.4897,0.4917,0.4633,0.2473,0.4076,0.5679,0.2913,0.5103,0.5269,0.48,0.5112,0.5406
2020-05-27 11:15:36.463838,3.9156,0.5132,0.5298,0.5054,0.434,0.5239,0.6129,0.2317,0.3587,0.2981,0.2766,0.2952,0.4125
2020-05-27 11:15:36.557438,4.0092,0.5132,0.5308,0.5073,0.434,0.5259,0.6129,0.1877,0.2933,0.2522,0.2698,0.2786,0.3949
2020-05-27 11:15:36.651038,4.1028,0.4457,0.4721,0.5015,0.4418,0.4927,0.5904,0.3822,0.4712,0.3363,0.2952,0.39,0.477
2020-05-27 11:15:36.760238,4.212,0.3871,0.4321,0.4692,0.3284,0.3881,0.5367,0.5064,0.608,0.5386,0.4213,0.5376,0.5494
2020-05-27 11:15:36.853838,4.3056,0.3744,0.4213,0.4633,0.3187,0.3812,0.5367,0.5064,0.608,0.5386,0.4213,0.5376,0.5572
2020-05-27 11:15:36.963038,4.4148,0.2004,0.2854,0.4125,0.2757,0.3333,0.5054,0.522,0.6442,0.5885,0.4888,0.5816,0.6139
2020-05-27 11:15:37.056638,4.5084,0.1134,0.2825,0.4379,0.3431,0.3451,0.5298,0.2933,0.5846,0.5885,0.5122,0.5513,0.5767
2020-05-27 11:15:37.150238,4.602,0.2395,0.3167,0.4497,0.3402,0.3451,0.5298,0.2933,0.5846,0.5885,0.5122,0.5513,0.5767
2020-05-27 11:15:37.259438,4.7112,0.5298,0.5132,0.4927,0.4047,0.4761,0.5953,0.2493,0.4946,0.5171,0.4712,0.4985,0.5132
2020-05-27 11:15:37.353038,4.8048,0.4819,0.5132,0.5015,0.4262,0.4985,0.5992,0.1808,0.3734,0.3255,0.3343,0.3754,0.4653
2020-05-27 11:15:37.462238,4.914,0.4682,0.5044,0.4976,0.4203,0.4848,0.5992,0.1808,0.3734,0.3255,0.3343,0.3754,0.4653
2020-05-27 11:15:37.555838,5.0076,0.4037,0.4516,0.4985,0.4311,0.4096,0.5523,0.3715,0.4995,0.3871,0.3245,0.477,0.5161
2020-05-27 11:15:37.649438,5.1012,0.3666,0.4311,0.4868,0.4037,0.3881,0.5357,0.4106,0.5347,0.4145,0.3294,0.5327,0.5699
2020-05-27 11:15:37.758638,5.2104,0.3832,0.4291,0.4614,0.3167,0.3822,0.5406,0.4213,0.6051,0.522,0.4233,0.5718,0.6061
2020-05-27 11:15:37.852238,5.304,0.2375,0.3109,0.4487,0.3099,0.3363,0.4966,0.3314,0.6041,0.5591,0.4829,0.5855,0.6178
2020-05-27 11:15:37.961438,5.4132,0.2317,0.3265,0.4663,0.3265,0.3412,0.5054,0.2522,0.5494,0.5591,0.4985,0.5601,0.5904
2020-05-27 11:15:38.055038,5.5068,0.4585,0.4585,0.48,0.2933,0.3744,0.5415,0.2111,0.4966,0.4868,0.4702,0.5044,0.5415
2020-05-27 11:15:38.164238,5.616,0.5288,0.5318,0.4995,0.4086,0.4946,0.607,0.2571,0.4585,0.4203,0.39,0.4614,0.4956
2020-05-27 11:15:38.257838,5.7096,0.5259,0.5337,0.5015,0.4233,0.5015,0.607,0.2571,0.4585,0.4203,0.39,0.4614,0.4956
2020-05-27 11:15:38.351438,5.8032,0.48,0.5103,0.4946,0.3891,0.4682,0.5758,0.2649,0.4379,0.2913,0.2776,0.3636,0.4506
2020-05-27 11:15:38.460638,5.9124,0.3695,0.433,0.4673,0.3851,0.3842,0.5279,0.433,0.5562,0.435,0.3402,0.5034,0.5347
2020-05-27 11:15:38.554238,6.006,0.3539,0.4223,0.4624,0.3773,0.3861,0.5279,0.433,0.5562,0.435,0.3402,0.5034,0.5347
2020-05-27 11:15:38.663438,6.1152,0.2815,0.3343,0.4272,0.3118,0.3587,0.5269,0.5191,0.6334,0.5562,0.433,0.5738,0.6022
2020-05-27 11:15:38.757038,6.2088,0.1369,0.2962,0.4428,0.3216,0.3431,0.5024,0.3763,0.6022,0.5709,0.4907,0.5474,0.566
2020-05-27 11:15:38.850638,6.3024,0.1251,0.2962,0.4487,0.3245,0.3402,0.5024,0.3763,0.6022,0.5709,0.4907,0.5474,0.566
2020-05-27 11:15:38.959838,6.4116,0.5073,0.5073,0.4976,0.2972,0.391,0.5357,0.2962,0.5161,0.5484,0.4897,0.5073,0.5318
2020-05-27 11:15:39.053438,6.5052,0.523,0.5415,0.5269,0.4272,0.4731,0.5855,0.2952,0.4751,0.4438,0.3969,0.4545,0.4888
2020-05-27 11:15:39.162638,6.6144,0.4936,0.5298,0.5249,0.4438,0.4956,0.6002,0.3236,0.4653,0.391,0.3353,0.4135,0.477
2020-05-27 11:15:39.256238,6.708,0.3998,0.4614,0.5005,0.435,0.4086,0.5474,0.435,0.5005,0.346,0.305,0.4418,0.4907
2020-05-27 11:15:39.349838,6.8016,0.3978,0.4555,0.4956,0.4291,0.4008,0.5435,0.435,0.5005,0.346,0.305,0.4418,0.4907
2020-05-27 11:15:39.459038,6.9108,0.4096,0.4409,0.4448,0.2884,0.3871,0.5494,0.5347,0.6109,0.4946,0.3587,0.5367,0.5543
2020-05-27 11:15:39.552638,7.0044,0.2043,0.2757,0.3754,0.2004,0.2952,0.48,0.5894,0.6569,0.5846,0.4731,0.5875,0.6129
2020-05-27 11:15:39.661838,7.1136,0.2151,0.2796,0.3822,0.2004,0.2913,0.4614,0.5894,0.6569,0.5846,0.4731,0.5875,0.6129
2020-05-27 11:15:39.755438,7.2072,0.4497,0.434,0.4516,0.2287,0.3284,0.5044,0.3148,0.5934,0.5846,0.5064,0.5445,0.567
2020-05-27 11:15:39.849038,7.3008,0.5103,0.5288,0.5024,0.3832,0.4526,0.5836,0.3187,0.5249,0.5093,0.4428,0.5024,0.5161
2020-05-27 11:15:39.958238,7.41,0.5103,0.5288,0.5024,0.3832,0.4692,0.5904,0.3236,0.5142,0.5093,0.4428,0.5024,0.5161
2020-05-27 11:15:40.051838,7.5036,0.4751,0.5191,0.5093,0.4203,0.4809,0.5885,0.2542,0.393,0.2893,0.2815,0.346,0.4516
2020-05-27 11:15:40.161038,7.6128,0.434,0.4653,0.4761,0.3519,0.4008,0.5464,0.4076,0.5259,0.4106,0.3069,0.4692,0.5083
2020-05-27 11:15:40.254638,7.7064,0.4066,0.4497,0.4653,0.3255,0.4008,0.5464,0.4076,0.5259,0.4106,0.3069,0.4692,0.5083
2020-05-27 11:15:40.363838,7.8156,0.3812,0.4203,0.4467,0.304,0.3734,0.5455,0.4115,0.61,0.5591,0.4692,0.567,0.5953
2020-05-27 11:15:40.457438,7.9092,0.3822,0.4223,0.4477,0.2981,0.3705,0.5455,0.4379,0.6197,0.5699,0.4741,0.567,0.5953
2020-05-27 11:15:40.551038,8.0028,0.0391,0.1574,0.4076,0.3304,0.3509,0.5034,0.346,0.609,0.6012,0.5112,0.5777,0.6061
2020-05-27 11:15:40.660238,8.112,0.2199,0.3245,0.4497,0.4076,0.39,0.5279,0.3001,0.5288,0.5376,0.4946,0.5337,0.5601
2020-05-27 11:15:40.753838,8.2056,0.3216,0.3871,0.4555,0.3959,0.4115,0.5279,0.3001,0.5288,0.5376,0.48,0.5142,0.5523
2020-05-27 11:15:40.863038,8.3148,0.4497,0.4946,0.4839,0.4086,0.4907,0.6031,0.3314,0.5015,0.4409,0.3754,0.4692,0.5142
2020-05-27 11:15:40.956638,8.4084,0.4438,0.4976,0.4712,0.3881,0.4985,0.6031,0.3627,0.4692,0.2776,0.2512,0.3715,0.4438
2020-05-27 11:15:41.050238,8.502,0.4438,0.4976,0.4721,0.3754,0.4927,0.6002,0.3226,0.4516,0.2796,0.2551,0.348,0.4438
2020-05-27 11:15:41.159438,8.6112,0.3705,0.4242,0.4106,0.2893,0.3988,0.564,0.5034,0.5523,0.4047,0.2884,0.4663,0.5083
2020-05-27 11:15:41.253038,8.7048,0.3607,0.4242,0.4389,0.304,0.3871,0.5582,0.4936,0.609,0.5122,0.3832,0.5435,0.563
2020-05-27 11:15:41.362238,8.814,0.3568,0.4076,0.4389,0.2893,0.3705,0.5572,0.4936,0.609,0.5122,0.3832,0.5435,0.563
2020-05-27 11:15:41.455838,8.9076,0.1222,0.2874,0.4321,0.3187,0.3441,0.5288,0.433,0.6178,0.5826,0.4829,0.5611,0.5826
2020-05-27 11:15:41.549438,9.0012,0.0968,0.2845,0.436,0.3236,0.3441,0.5288,0.433,0.6178,0.5826,0.4829,0.5611,0.5826
2020-05-27 11:15:41.658638,9.1104,0.5191,0.5152,0.4575,0.1222,0.3851,0.5543,0.2981,0.5191,0.5376,0.48,0.5015,0.5269
2020-05-27 11:15:41.752238,9.204,0.5435,0.5601,0.4761,0.2278,0.4936,0.6061,0.3324,0.4819,0.3861,0.3187,0.4057,0.4819
2020-05-27 11:15:41.861438,9.3132,0.5367,0.5582,0.48,0.2278,0.4936,0.6061,0.3324,0.4819,0.3861,0.3187,0.4057,0.4819
2020-05-27 11:15:41.955038,9.4068,0.4536,0.5171,0.5024,0.3861,0.4956,0.5992,0.3021,0.4536,0.2923,0.2659,0.3734,0.4653
2020-05-27 11:15:42.064238,9.516,0.4008,0.4536,0.4663,0.3157,0.4164,0.5767,0.563,0.6237,0.4614,0.3226,0.5445,0.5689
2020-05-27 11:15:42.157838,9.6096,0.4106,0.4565,0.4702,0.3069,0.4037,0.5767,0.563,0.6237,0.4614,0.3226,0.5445,0.5689
2020-05-27 11:15:42.251438,9.7032,0.4115,0.433,0.4526,0.1877,0.3402,0.5435,0.4858,0.6364,0.5797,0.4741,0.5787,0.607
2020-05-27 11:15:42.360638,9.8124,0.4008,0.4008,0.4389,0.1672,0.3392,0.5337,0.4399,0.6285,0.5816,0.48,0.5787,0.607
2020-05-27 11:15:42.454238,9.906,0.1447,0.2991,0.4399,0.2698,0.3167,0.523,0.3617,0.5914,0.5865,0.4946,0.5543,0.5699
2020-05-27 11:15:42.563438,10.0152,0.5005,0.521,0.4995,0.3255,0.4252,0.5787,0.3109,0.5103,0.5259,0.4575,0.4985,0.5161
2020-05-27 11:15:42.657038,10.1088,0.5083,0.5298,0.5034,0.35,0.4409,0.5865,0.3109,0.5103,0.5259,0.4575,0.5005,0.52
2020-05-27 11:15:42.750638,10.2024,0.5122,0.5308,0.5161,0.4497,0.5269,0.61,0.2639,0.4751,0.433,0.3939,0.4594,0.5054
2020-05-27 11:15:42.859838,10.3116,0.4809,0.52,0.5073,0.4301,0.4995,0.5875,0.2199,0.4311,0.3587,0.3314,0.4135,0.48
2020-05-27 11:15:42.953438,10.4052,0.4702,0.5161,0.5034,0.4184,0.4848,0.5787,0.2199,0.4311,0.3587,0.3314,0.4135,0.48
2020-05-27 11:15:43.062638,10.5144,0.3959,0.4448,0.4457,0.3021,0.3773,0.5308,0.5533,0.6413,0.5543,0.4311,0.567,0.5885
2020-05-27 11:15:43.156238,10.608,0.4076,0.4242,0.4291,0.2444,0.3607,0.5279,0.5161,0.6461,0.5992,0.4956,0.5904,0.6197
2020-05-27 11:15:43.249838,10.7016,0.3783,0.3842,0.4213,0.2502,0.3607,0.5259,0.5161,0.6461,0.5992,0.4956,0.5904,0.6197
2020-05-27 11:15:43.359038,10.8108,0.0362,0.1672,0.4379,0.3265,0.3294,0.4936,0.3656,0.6022,0.6031,0.5152,0.5572,0.5718
2020-05-27 11:15:43.452638,10.9044,0.4936,0.5132,0.4936,0.3363,0.434,0.5797,0.2864,0.5093,0.5503,0.4848,0.5122,0.5298
2020-05-27 11:15:43.561838,11.0136,0.4995,0.5171,0.4956,0.3363,0.434,0.5797,0.2864,0.5064,0.5415,0.4829,0.5152,0.5357
2020-05-27 11:15:43.655438,11.1072,0.5005,0.5327,0.5161,0.4438,0.5288,0.6139,0.2434,0.433,0.4115,0.3851,0.4497,0.4956
2020-05-27 11:15:43.749038,11.2008,0.4888,0.5318,0.5132,0.437,0.5279,0.6129,0.2239,0.4115,0.3754,0.3578,0.4233,0.4897
2020-05-27 11:15:43.858238,11.31,0.3832,0.4702,0.5034,0.4282,0.4497,0.5543,0.0508,0.3597,0.4516,0.437,0.4839,0.5191
2020-05-27 11:15:43.951838,11.4036,0.3695,0.435,0.4624,0.2952,0.393,0.5435,0.4135,0.5621,0.5327,0.4585,0.5513,0.5846
2020-05-27 11:15:44.061038,11.5128,0.3744,0.436,0.4575,0.2952,0.393,0.5435,0.4135,0.5621,0.5327,0.4585,0.5513,0.5846
2020-05-27 11:15:44.154638,11.6064,0.3587,0.4106,0.4526,0.2209,0.3529,0.5152,0.3998,0.6119,0.566,0.4721,0.5816,0.6139
2020-05-27 11:15:44.263838,11.7156,0.3206,0.3636,0.4633,0.2933,0.3451,0.5083,0.2796,0.5259,0.5396,0.4878,0.5279,0.5543
2020-05-27 11:15:44.357438,11.8092,0.346,0.3812,0.4682,0.2933,0.3451,0.5083,0.2796,0.5259,0.5396,0.4878,0.5279,0.5543
2020-05-27 11:15:44.451038,11.9028,0.4555,0.4829,0.4829,0.3812,0.4653,0.5914,0.2571,0.4917,0.5024,0.4467,0.4985,0.5191
2020-05-27 11:15:44.560238,12.012,0.4633,0.5034,0.5024,0.4448,0.5142,0.609,0.3001,0.4839,0.4291,0.3675,0.4418,0.5005
2020-05-27 11:15:44.653838,12.1056,0.3832,0.4643,0.4946,0.4262,0.4819,0.5894,0.1906,0.39,0.3109,0.3333,0.3724,0.4731
2020-05-27 11:15:44.763038,12.2148,0.3558,0.4409,0.4673,0.3822,0.4076,0.5523,0.3392,0.5103,0.4184,0.3402,0.4565,0.5073
2020-05-27 11:15:44.856638,12.3084,0.347,0.4106,0.4545,0.3509,0.393,0.5425,0.3539,0.5191,0.4282,0.35,0.4653,0.5132
2020-05-27 11:15:44.950238,12.402,0.3744,0.4301,0.4487,0.2747,0.3695,0.5415,0.4712,0.607,0.5376,0.4213,0.5376,0.5582
2020-05-27 11:15:45.059438,12.5112,0.089,0.2669,0.436,0.3226,0.3284,0.5054,0.3363,0.6022,0.5806,0.4956,0.566,0.5924
2020-05-27 11:15:45.153038,12.6048,0.1046,0.2786,0.4389,0.3236,0.3226,0.5054,0.3363,0.6022,0.5806,0.4956,0.566,0.5924
2020-05-27 11:15:45.262238,12.714,0.3627,0.3832,0.4624,0.2825,0.3069,0.4888,0.2805,0.5288,0.5474,0.4956,0.5093,0.5415
2020-05-27 11:15:45.355838,12.8076,0.48,0.5005,0.4819,0.3402,0.4614,0.5894,0.2708,0.4839,0.4985,0.4487,0.477,0.5122
2020-05-27 11:15:45.449438,12.9012,0.4848,0.5093,0.4907,0.3695,0.4614,0.5894,0.2708,0.4839,0.4985,0.4487,0.477,0.5122
2020-05-27 11:15:45.558638,13.0104,0.4702,0.5191,0.5112,0.4497,0.5181,0.607,0.1652,0.3822,0.35,0.3294,0.347,0.4399
2020-05-27 11:15:45.652238,13.104,0.4438,0.5044,0.5142,0.4526,0.4936,0.5904,0.2463,0.4487,0.4057,0.3451,0.4066,0.4604
2020-05-27 11:15:45.761438,13.2132,0.3685,0.4321,0.4692,0.4027,0.3871,0.5298,0.523,0.5953,0.4731,0.3666,0.5064,0.5484
2020-05-27 11:15:45.855038,13.3068,0.4203,0.4399,0.4585,0.1202,0.3412,0.5308,0.6325,0.6774,0.5758,0.4428,0.5709,0.6139
2020-05-27 11:15:45.964238,13.416,0.4106,0.4047,0.4555,0.1163,0.3021,0.4995,0.6197,0.6813,0.5904,0.4741,0.5924,0.6256
2020-05-27 11:15:46.057838,13.5096,0.391,0.3871,0.4555,0.1163,0.3021,0.4995,0.6197,0.6813,0.5904,0.4741,0.5924,0.6256
2020-05-27 11:15:46.151438,13.6032,0.4643,0.4643,0.4839,0.216,0.349,0.5308,0.477,0.6237,0.5288,0.4761,0.5357,0.565
2020-05-27 11:15:46.260638,13.7124,0.5015,0.5054,0.4946,0.216,0.3734,0.5445,0.4389,0.6237,0.5288,0.4761,0.5357,0.565
2020-05-27 11:15:46.354238,13.806,0.5738,0.5914,0.5386,0.4223,0.5181,0.61,0.3275,0.4907,0.4536,0.3851,0.4614,0.4966
2020-05-27 11:15:46.463438,13.9152,0.5288,0.5777,0.5406,0.4272,0.4839,0.5855,0.2649,0.4526,0.3891,0.3363,0.4106,0.478
2020-05-27 11:15:46.557038,14.0088,0.522,0.5699,0.5406,0.433,0.4839,0.5855,0.2649,0.4526,0.3891,0.3363,0.4106,0.478
2020-05-27 11:15:46.650638,14.1024,0.4291,0.478,0.4868,0.3539,0.3822,0.5318,0.5044,0.5943,0.4897,0.3842,0.5288,0.5415
2020-05-27 11:15:46.759838,14.2116,0.4477,0.4624,0.4575,0.1984,0.3587,0.5337,0.5699,0.65,0.5494,0.4418,0.5738,0.6109
2020-05-27 11:15:46.853438,14.3052,0.4497,0.4633,0.4575,0.1984,0.3587,0.5337,0.5699,0.65,0.5494,0.4418,0.5816,0.6158
2020-05-27 11:15:46.962638,14.4144,0.4066,0.3695,0.3724,0.2004,0.3382,0.5181,0.5024,0.6364,0.5816,0.4966,0.5855,0.6149
2020-05-27 11:15:47.056238,14.508,0.4066,0.3754,0.3793,0.2023,0.3353,0.5142,0.4888,0.6305,0.5806,0.4995,0.5806,0.6149
2020-05-27 11:15:47.149838,14.6016,0.5386,0.5367,0.4731,0.2141,0.4057,0.5709,0.348,0.5337,0.5347,0.4761,0.5044,0.522
2020-05-27 11:15:47.259038,14.7108,0.5269,0.5523,0.5142,0.4135,0.522,0.6129,0.2385,0.4008,0.3627,0.3568,0.4174,0.4848
2020-05-27 11:15:47.352638,14.8044,0.5269,0.5523,0.5142,0.4135,0.523,0.6129,0.1916,0.3715,0.3627,0.3568,0.4174,0.4848
2020-05-27 11:15:47.461838,14.9136,0.4526,0.5191,0.5112,0.4174,0.4585,0.5611,0.1857,0.4115,0.4311,0.3832,0.4409,0.4907
2020-05-27 11:15:47.555438,15.0072,0.4213,0.4506,0.4409,0.2854,0.3822,0.5376,0.4819,0.5914,0.4966,0.39,0.5171,0.5435
2020-05-27 11:15:47.649038,15.1008,0.4164,0.4457,0.433,0.2698,0.3695,0.521,0.4819,0.5914,0.4966,0.39,0.5239,0.5474
2020-05-27 11:15:47.758238,15.21,0.3069,0.3314,0.3216,0.1183,0.2463,0.434,0.5132,0.6413,0.5611,0.4673,0.5748,0.609
2020-05-27 11:15:47.851838,15.3036,0.3363,0.346,0.346,0.1476,0.2649,0.4575,0.4145,0.6197,0.5758,0.4976,0.566,0.5894
2020-05-27 11:15:47.961038,15.4128,0.3578,0.3666,0.4057,0.1828,0.2845,0.4643,0.3353,0.5992,0.5816,0.5064,0.5601,0.5846
2020-05-27 11:15:48.054638,15.5064,0.4927,0.5327,0.5298,0.4448,0.4927,0.5924,0.2717,0.5044,0.5083,0.4536,0.4985,0.5152
2020-05-27 11:15:48.163838,15.6156,0.4897,0.5357,0.5415,0.4673,0.5093,0.6031,0.2786,0.4927,0.4545,0.4066,0.4633,0.5083
2020-05-27 11:15:48.257438,15.7092,0.4457,0.52,0.5269,0.4526,0.4976,0.5924,0.1965,0.3842,0.2962,0.304,0.3617,0.4536
2020-05-27 11:15:48.351038,15.8028,0.3881,0.4682,0.5034,0.435,0.4321,0.5503,0.2796,0.4917,0.4282,0.3715,0.4682,0.5083
2020-05-27 11:15:48.460238,15.912,0.3822,0.4585,0.4946,0.4242,0.4076,0.5435,0.2913,0.4917,0.4282,0.3715,0.4682,0.5083
2020-05-27 11:15:48.553838,16.0056,0.3568,0.4184,0.4594,0.3324,0.3783,0.5367,0.4291,0.6149,0.5709,0.4643,0.5591,0.5797
2020-05-27 11:15:48.663038,16.1148,0.1593,0.3343,0.437,0.3128,0.3402,0.5122,0.3627,0.6188,0.5982,0.4966,0.5806,0.607
2020-05-27 11:15:48.756638,16.2084,0.1593,0.2942,0.433,0.3284,0.3333,0.5112,0.3627,0.6188,0.5982,0.4966,0.5806,0.607
2020-05-27 11:15:48.850238,16.302,0.3275,0.3744,0.479,0.4242,0.3949,0.5562,0.2571,0.4829,0.5591,0.5005,0.5044,0.5122
2020-05-27 11:15:48.959438,16.4112,0.5112,0.5318,0.5005,0.3851,0.4878,0.6022,0.3216,0.4976,0.4663,0.391,0.4829,0.5024
2020-05-27 11:15:49.053038,16.5048,0.5152,0.5406,0.5034,0.3959,0.4878,0.6022,0.3216,0.4976,0.4663,0.391,0.4829,0.5024
2020-05-27 11:15:49.162238,16.614,0.4731,0.521,0.5015,0.391,0.4878,0.5914,0.3157,0.435,0.2669,0.2532,0.3011,0.393
2020-05-27 11:15:49.255838,16.7076,0.4702,0.521,0.5015,0.3939,0.4848,0.5904,0.3363,0.4467,0.2708,0.2473,0.305,0.3959
2020-05-27 11:15:49.349438,16.8012,0.3568,0.433,0.4633,0.3754,0.3959,0.5445,0.523,0.5718,0.4242,0.2962,0.4878,0.5239
2020-05-27 11:15:49.458638,16.9104,0.3734,0.4418,0.4624,0.306,0.3783,0.5464,0.5318,0.6325,0.5445,0.4145,0.5611,0.5865
2020-05-27 11:15:49.552238,17.004,0.3724,0.4389,0.4653,0.305,0.3754,0.5464,0.5318,0.6325,0.5445,0.4145,0.5611,0.5865
2020-05-27 11:15:49.661438,17.1132,0.0264,0.1232,0.4985,0.4516,0.3754,0.5054,0.5679,0.6393,0.5621,0.4487,0.5689,0.6041
2020-05-27 11:15:49.755038,17.2068,0.4194,0.437,0.4897,0.3539,0.4164,0.5709,0.3656,0.5376,0.5386,0.4663,0.4985,0.5259
2020-05-27 11:15:49.864238,17.316,0.4457,0.4604,0.4809,0.3412,0.4389,0.5816,0.3656,0.5376,0.5386,0.4663,0.4946,0.5191
2020-05-27 11:15:49.957838,17.4096,0.4761,0.5064,0.4868,0.4272,0.5357,0.6227,0.2717,0.4301,0.2766,0.2874,0.4018,0.4839
2020-05-27 11:15:50.051438,17.5032,0.4682,0.5054,0.4888,0.437,0.5367,0.6227,0.2414,0.4301,0.2766,0.2747,0.3754,0.4761
2020-05-27 11:15:50.160638,17.6124,0.3763,0.4526,0.4858,0.4536,0.5103,0.61,0.3255,0.437,0.261,0.2229,0.3363,0.4252
2020-05-27 11:15:50.254238,17.706,0.3509,0.4018,0.4282,0.3412,0.4115,0.567,0.5337,0.6041,0.4594,0.3324,0.521,0.5406
2020-05-27 11:15:50.363438,17.8152,0.3617,0.4057,0.435,0.3236,0.4106,0.565,0.5464,0.6149,0.4858,0.349,0.5318,0.5406
2020-05-27 11:15:50.457038,17.9088,0.3363,0.3705,0.4321,0.3236,0.3832,0.5572,0.563,0.6471,0.5728,0.4565,0.5767,0.607
2020-05-27 11:15:50.550638,18.0024,0.1105,0.3001,0.4604,0.3675,0.3656,0.5181,0.4418,0.6197,0.5846,0.4985,0.563,0.5914
2020-05-27 11:15:50.659838,18.1116,0.1672,0.3099,0.4653,0.3578,0.3685,0.5181,0.4418,0.6197,0.5846,0.4985,0.563,0.5914
2020-05-27 11:15:50.753438,18.2052,0.4858,0.5249,0.4878,0.262,0.4487,0.5875,0.3089,0.5239,0.5367,0.4682,0.5093,0.5318
2020-05-27 11:15:50.862638,18.3144,0.4819,0.5367,0.5034,0.4066,0.5308,0.6178,0.2678,0.4379,0.3578,0.3421,0.4203,0.4907
2020-05-27 11:15:50.956238,18.408,0.4751,0.5327,0.5044,0.4115,0.5288,0.6158,0.2678,0.4379,0.3578,0.3421,0.4203,0.4907
2020-05-27 11:15:51.049838,18.5016,0.3939,0.4888,0.4985,0.4272,0.4643,0.5679,0.346,0.479,0.4096,0.3343,0.4379,0.4936
2020-05-27 11:15:51.159038,18.6108,0.3685,0.4418,0.4545,0.3597,0.3959,0.5474,0.5161,0.607,0.5083,0.3773,0.5318,0.5523
2020-05-27 11:15:51.252638,18.7044,0.3705,0.4409,0.4545,0.3353,0.3969,0.5523,0.5298,0.6237,0.5327,0.3978,0.5445,0.563
2020-05-27 11:15:51.361838,18.8136,0.4106,0.4506,0.4702,0.3343,0.3949,0.5582,0.607,0.6598,0.52,0.4301,0.5748,0.6158
2020-05-27 11:15:51.455438,18.9072,0.4135,0.4516,0.4712,0.3353,0.3881,0.5533,0.6031,0.6608,0.5142,0.4311,0.5748,0.6158
2020-05-27 11:15:51.549038,19.0008,0.4057,0.4301,0.479,0.3304,0.3685,0.52,0.5415,0.6413,0.522,0.4614,0.5562,0.5943
2020-05-27 11:15:51.673838,19.1256,0.5484,0.5728,0.5269,0.3656,0.4663,0.5904,0.3392,0.5376,0.5034,0.4389,0.4985,0.5239
2020-05-27 11:15:51.751838,19.2036,0.5484,0.5748,0.5347,0.3988,0.4809,0.5904,0.3392,0.5376,0.5034,0.4389,0.4985,0.5239
2020-05-27 11:15:51.861038,19.3128,0.5357,0.5816,0.5435,0.4477,0.522,0.607,0.2952,0.4477,0.2845,0.2933,0.3822,0.4624
2020-05-27 11:15:51.954638,19.4064,0.4848,0.5259,0.5318,0.4311,0.4516,0.5591,0.3597,0.5357,0.4457,0.3715,0.4936,0.5054
2020-05-27 11:15:52.063838,19.5156,0.4653,0.5103,0.5181,0.4311,0.4516,0.5591,0.3597,0.5357,0.4457,0.3715,0.4936,0.522
2020-05-27 11:15:52.157438,19.6092,0.4233,0.4653,0.4829,0.3284,0.3861,0.5327,0.5816,0.652,0.5464,0.4145,0.5679,0.5943
2020-05-27 11:15:52.251038,19.7028,0.4252,0.4643,0.479,0.3148,0.3861,0.5347,0.5777,0.652,0.5464,0.4145,0.5679,0.5943
2020-05-27 11:15:52.360238,19.812,0.2933,0.3646,0.4438,0.2708,0.3509,0.5044,0.5464,0.6588,0.5875,0.4868,0.5973,0.6266
2020-05-27 11:15:52.453838,19.9056,0.3763,0.4047,0.4878,0.3275,0.3568,0.4976,0.347,0.5797,0.5562,0.4878,0.5406,0.5679
2020-05-27 11:15:52.563038,20.0148,0.4301,0.4467,0.4985,0.3196,0.3617,0.5083,0.3069,0.5474,0.5484,0.4868,0.5288,0.5679
2020-05-27 11:15:52.656638,20.1084,0.5376,0.5767,0.5367,0.4164,0.48,0.5943,0.2688,0.4839,0.4976,0.4516,0.4976,0.5259
2020-05-27 11:15:52.750238,20.202,0.5112,0.5718,0.5503,0.4487,0.4956,0.5924,0.2121,0.4262,0.3421,0.3265,0.3773,0.4712
2020-05-27 11:15:52.859438,20.3112,0.4897,0.5611,0.5484,0.4467,0.4956,0.5924,0.2121,0.4262,0.3421,0.3265,0.3773,0.4712
2020-05-27 11:15:52.953038,20.4048,0.4438,0.4927,0.523,0.434,0.3949,0.5318,0.3998,0.5425,0.4809,0.3891,0.4946,0.5259
2020-05-27 11:15:53.062238,20.514,0.4389,0.4692,0.4848,0.3226,0.3812,0.5357,0.5718,0.6442,0.5679,0.4233,0.5709,0.6041
2020-05-27 11:15:53.155838,20.6076,0.4272,0.4643,0.4829,0.3206,0.3812,0.5357,0.5718,0.6442,0.5679,0.4233,0.5709,0.6041
2020-05-27 11:15:53.249438,20.7012,0.0264,0.0518,0.435,0.4086,0.3236,0.478,0.5171,0.6403,0.5963,0.4907,0.5728,0.6002
2020-05-27 11:15:53.358638,20.8104,0.0997,0.2874,0.4956,0.4272,0.3548,0.4995,0.3783,0.5308,0.5132,0.4506,0.4585,0.4878
2020-05-27 11:15:53.452238,20.904,0.261,0.3675,0.5044,0.4272,0.3548,0.4995,0.3783,0.5308,0.5132,0.4506,0.4585,0.4878
2020-05-27 11:15:53.561438,21.0132,0.5034,0.5415,0.5288,0.4311,0.4888,0.5953,0.2199,0.477,0.434,0.4057,0.4878,0.5054
2020-05-27 11:15:53.655038,21.1068,0.5034,0.5533,0.5347,0.4438,0.5034,0.6041,0.2414,0.48,0.4242,0.3871,0.4878,0.5054
2020-05-27 11:15:53.764238,21.216,0.4633,0.5327,0.5298,0.4272,0.479,0.5787,0.0655,0.39,0.3148,0.348,0.3724,0.4438
2020-05-27 11:15:53.857838,21.3096,0.3891,0.4526,0.4927,0.3842,0.3939,0.521,0.4545,0.5973,0.4829,0.4096,0.5357,0.5601
2020-05-27 11:15:53.951438,21.4032,0.391,0.4565,0.4888,0.3685,0.4027,0.521,0.4545,0.5973,0.4829,0.4096,0.5357,0.5601
2020-05-27 11:15:54.060638,21.5124,0.3812,0.3969,0.4565,0.2825,0.392,0.5386,0.5279,0.6559,0.5689,0.4858,0.5943,0.6237
2020-05-27 11:15:54.154238,21.606,0.346,0.3754,0.4418,0.2913,0.3568,0.5181,0.4379,0.6373,0.5787,0.5034,0.5699,0.6022
2020-05-27 11:15:54.263438,21.7152,0.3421,0.3783,0.4506,0.304,0.3597,0.5181,0.4379,0.6373,0.5787,0.5034,0.5699,0.6022
2020-05-27 11:15:54.357038,21.8088,0.5083,0.5288,0.5015,0.2913,0.4321,0.5748,0.3236,0.5484,0.5445,0.4829,0.522,0.5435
2020-05-27 11:15:54.450638,21.9024,0.5093,0.5308,0.5034,0.3069,0.4438,0.5748,0.3236,0.5484,0.5445,0.4829,0.522,0.5435
2020-05-27 11:15:54.559838,22.0116,0.4956,0.5337,0.5171,0.4184,0.5259,0.6168,0.1026,0.3578,0.3314,0.3646,0.391,0.4624
2020-05-27 11:15:54.653438,22.1052,0.3803,0.4555,0.5093,0.4389,0.4936,0.5953,0.2356,0.4164,0.349,0.3304,0.3754,0.4673
2020-05-27 11:15:54.762638,22.2144,0.3587,0.4555,0.4966,0.4321,0.4848,0.5924,0.2502,0.4321,0.3793,0.3412,0.3861,0.4653
2020-05-27 11:15:54.856238,22.308,0.4154,0.4526,0.4682,0.3167,0.3959,0.5552,0.3803,0.5865,0.567,0.4673,0.522,0.5298
2020-05-27 11:15:54.949838,22.4016,0.2933,0.3451,0.4233,0.3236,0.3597,0.5122,0.5034,0.6354,0.5914,0.4878,0.5728,0.5992
2020-05-27 11:15:55.059038,22.5108,0.2395,0.3226,0.4194,0.3255,0.347,0.5122,0.5034,0.6354,0.5914,0.4878,0.5728,0.5992
2020-05-27 11:15:55.152638,22.6044,0.4477,0.3763,0.4457,0.2346,0.3509,0.5191,0.3607,0.5894,0.5777,0.5005,0.5288,0.5523
2020-05-27 11:15:55.261838,22.7136,0.564,0.5572,0.5112,0.3734,0.4897,0.607,0.2952,0.5064,0.4946,0.4409,0.4868,0.5103
2020-05-27 11:15:55.355438,22.8072,0.565,0.566,0.5191,0.3998,0.4897,0.607,0.2952,0.5064,0.4946,0.4409,0.4868,0.5103
2020-05-27 11:15:55.449038,22.9008,0.5415,0.5738,0.5396,0.4262,0.4995,0.5992,0.1525,0.3842,0.2933,0.3167,0.3304,0.4389
2020-05-27 11:15:55.558238,23.01,0.4712,0.5142,0.523,0.4164,0.435,0.5572,0.2835,0.5024,0.4301,0.3763,0.4663,0.5024
2020-05-27 11:15:55.651838,23.1036,0.4448,0.479,0.5015,0.3812,0.4018,0.5484,0.3069,0.5327,0.4438,0.391,0.4868,0.523
2020-05-27 11:15:55.761038,23.2128,0.4516,0.4653,0.4643,0.2307,0.3666,0.5318,0.4927,0.6413,0.5738,0.4809,0.5689,0.5982
2020-05-27 11:15:55.854638,23.3064,0.4516,0.4643,0.4594,0.2111,0.3597,0.5288,0.5093,0.6461,0.5826,0.4878,0.5748,0.6061
2020-05-27 11:15:55.963838,23.4156,0.2698,0.3421,0.4428,0.261,0.3431,0.5024,0.5142,0.6442,0.5934,0.4888,0.5728,0.6012
2020-05-27 11:15:56.057438,23.5092,0.4927,0.5093,0.5103,0.3372,0.4086,0.5601,0.2903,0.5112,0.5034,0.4585,0.4927,0.5181
2020-05-27 11:15:56.151038,23.6028,0.5024,0.5239,0.5132,0.3382,0.4233,0.5601,0.2903,0.5112,0.5034,0.4585,0.4927,0.5181
2020-05-27 11:15:56.260238,23.712,0.5015,0.5464,0.5279,0.433,0.5191,0.6119,0.3001,0.4848,0.4291,0.3705,0.4438,0.4848
2020-05-27 11:15:56.353838,23.8056,0.4712,0.5269,0.52,0.4252,0.4761,0.5797,0.2463,0.4242,0.2874,0.2825,0.3402,0.4311
2020-05-27 11:15:56.463038,23.9148,0.4643,0.52,0.5142,0.4252,0.4761,0.5797,0.2463,0.4242,0.2874,0.2825,0.3402,0.4311
2020-05-27 11:15:56.556638,24.0084,0.4457,0.4731,0.4633,0.2698,0.3861,0.5298,0.521,0.5924,0.4301,0.3177,0.5073,0.5376
2020-05-27 11:15:56.650238,24.102,0.392,0.436,0.4536,0.2375,0.35,0.5073,0.564,0.6461,0.5034,0.3783,0.5503,0.5689
2020-05-27 11:15:56.759438,24.2112,0.3978,0.4037,0.437,0.2151,0.3343,0.5093,0.5484,0.6491,0.5464,0.4379,0.5699,0.6022
2020-05-27 11:15:56.853038,24.3048,0.2991,0.3519,0.4643,0.3118,0.3363,0.4985,0.4487,0.5816,0.4848,0.4643,0.5425,0.5611
2020-05-27 11:15:56.962238,24.414,0.3011,0.3548,0.4673,0.3167,0.3431,0.5034,0.4487,0.5816,0.4848,0.4643,0.5425,0.5611
2020-05-27 11:15:57.055838,24.5076,0.4966,0.5249,0.5044,0.3715,0.4448,0.5806,0.3509,0.5073,0.478,0.4282,0.4907,0.5112
2020-05-27 11:15:57.149438,24.6012,0.5044,0.5415,0.5132,0.4027,0.5152,0.6109,0.2669,0.4213,0.2942,0.3265,0.3793,0.4594
2020-05-27 11:15:57.258638,24.7104,0.5044,0.5415,0.5132,0.4027,0.5152,0.6109,0.2473,0.4018,0.2786,0.3079,0.3627,0.4594
2020-05-27 11:15:57.352238,24.804,0.4409,0.5015,0.4917,0.4018,0.4604,0.5738,0.2845,0.4633,0.3568,0.3206,0.4115,0.478
2020-05-27 11:15:57.461438,24.9132,0.393,0.4438,0.4497,0.2933,0.3871,0.5406,0.5288,0.6334,0.5347,0.4272,0.5464,0.5621
2020-05-27 11:15:57.555038,25.0068,0.393,0.4448,0.4516,0.2991,0.3871,0.5406,0.5288,0.6334,0.5347,0.4272,0.5464,0.5621
2020-05-27 11:15:57.664238,25.116,0.3607,0.3773,0.4409,0.2395,0.3412,0.5064,0.5572,0.652,0.5758,0.4761,0.5797,0.6109
2020-05-27 11:15:57.757838,25.2096,0.1417,0.2825,0.4438,0.303,0.3157,0.4829,0.5425,0.6442,0.5718,0.4839,0.5562,0.5885
2020-05-27 11:15:57.851438,25.3032,0.3294,0.3548,0.4692,0.3177,0.3382,0.5024,0.478,0.608,0.5093,0.4633,0.5034,0.5386
2020-05-27 11:15:57.960638,25.4124,0.5093,0.5279,0.5015,0.3763,0.4819,0.6022,0.304,0.4946,0.4712,0.4311,0.4555,0.4956
2020-05-27 11:15:58.054238,25.506,0.5152,0.5327,0.5064,0.4008,0.5005,0.608,0.3069,0.4907,0.4487,0.4154,0.4487,0.4956
2020-05-27 11:15:58.163438,25.6152,0.4506,0.4936,0.5132,0.4516,0.5083,0.6031,0.3363,0.4751,0.3636,0.2933,0.3666,0.4594
2020-05-27 11:15:58.257038,25.7088,0.3871,0.4311,0.4917,0.4399,0.4379,0.5591,0.4018,0.5269,0.4272,0.3382,0.4712,0.5142
2020-05-27 11:15:58.350638,25.8024,0.391,0.434,0.4848,0.4272,0.4379,0.5591,0.4018,0.5269,0.4272,0.3382,0.4712,0.5142
2020-05-27 11:15:58.459838,25.9116,0.3988,0.4086,0.4184,0.2229,0.3685,0.5425,0.5865,0.6569,0.567,0.4174,0.566,0.5894
2020-05-27 11:15:58.553438,26.0052,0.3715,0.3724,0.4125,0.1437,0.305,0.4858,0.4076,0.6393,0.6022,0.5161,0.5718,0.608
2020-05-27 11:15:58.662638,26.1144,0.2981,0.347,0.4174,0.1437,0.305,0.4858,0.4076,0.6393,0.6022,0.5161,0.5718,0.6031
2020-05-27 11:15:58.756238,26.208,0.4526,0.4604,0.4966,0.2874,0.3675,0.5318,0.3275,0.5503,0.5171,0.477,0.4995,0.5269
2020-05-27 11:15:58.849838,26.3016,0.4839,0.5103,0.5103,0.347,0.4262,0.5748,0.3294,0.5523,0.5406,0.4897,0.5083,0.5367
2020-05-27 11:15:58.959038,26.4108,0.4653,0.5279,0.5552,0.5103,0.5181,0.6051,0.3021,0.4927,0.4731,0.4311,0.4673,0.4966
2020-05-27 11:15:59.052638,26.5044,0.4438,0.5064,0.5406,0.4721,0.4721,0.5718,0.2786,0.4487,0.3265,0.305,0.3529,0.437
2020-05-27 11:15:59.161838,26.6136,0.3949,0.4497,0.4966,0.4301,0.392,0.5318,0.5005,0.5894,0.4594,0.3627,0.5083,0.5367
2020-05-27 11:15:59.255438,26.7072,0.392,0.4497,0.4966,0.4301,0.392,0.5318,0.5005,0.5894,0.4594,0.3627,0.5083,0.5367
2020-05-27 11:15:59.349038,26.8008,0.392,0.4457,0.4897,0.4252,0.393,0.5357,0.5005,0.5894,0.4594,0.3627,0.5083,0.5367
2020-05-27 11:15:59.458238,26.91,0.3939,0.4086,0.4614,0.3011,0.3656,0.5161,0.5005,0.65,0.5953,0.4878,0.5816,0.6139
2020-05-27 11:15:59.551838,27.0036,0.348,0.392,0.5054,0.2942,0.346,0.4907,0.5582,0.6315,0.564,0.4653,0.5513,0.5797
2020-05-27 11:15:59.661038,27.1128,0.3881,0.4213,0.5083,0.304,0.3607,0.5093,0.5435,0.6188,0.5435,0.4506,0.5513,0.5797
2020-05-27 11:15:59.754638,27.2064,0.4956,0.5288,0.5152,0.3578,0.4565,0.5855,0.3529,0.5415,0.5249,0.4555,0.5034,0.521
2020-05-27 11:15:59.863838,27.3156,0.523,0.5591,0.5288,0.4301,0.5288,0.6109,0.1163,0.4047,0.39,0.3851,0.3705,0.4565
2020-05-27 11:15:59.957438,27.4092,0.523,0.5591,0.5288,0.4301,0.5288,0.6109,0.0948,0.3832,0.3685,0.3744,0.3705,0.4565
2020-05-27 11:16:00.051038,27.5028,0.4272,0.4966,0.5083,0.4389,0.4545,0.5699,0.4106,0.5337,0.4448,0.3685,0.4516,0.5044
2020-05-27 11:16:00.160238,27.612,0.4487,0.4741,0.4878,0.3284,0.3978,0.5513,0.4086,0.6325,0.6109,0.5054,0.5738,0.6051
2020-05-27 11:16:00.253838,27.7056,0.433,0.4585,0.4829,0.3284,0.3978,0.5513,0.4086,0.6325,0.6109,0.5054,0.5738,0.6051
2020-05-27 11:16:00.363038,27.8148,0.3773,0.3773,0.4174,0.3177,0.3812,0.5474,0.3773,0.6334,0.6237,0.5435,0.5855,0.6129
2020-05-27 11:16:00.456638,27.9084,0.3402,0.3636,0.4262,0.3226,0.3627,0.5308,0.3744,0.6217,0.6109,0.5171,0.5699,0.5914
2020-05-27 11:16:00.550238,28.002,0.4878,0.4721,0.477,0.2991,0.3949,0.567,0.2747,0.5083,0.5464,0.4751,0.4985,0.5161
2020-05-27 11:16:00.659438,28.1112,0.5112,0.5249,0.5103,0.4047,0.5005,0.6119,0.2473,0.4692,0.4575,0.4106,0.4624,0.5064
2020-05-27 11:16:00.753038,28.2048,0.5073,0.5269,0.5132,0.4262,0.5103,0.6149,0.2532,0.4663,0.4477,0.4086,0.4585,0.5064
2020-05-27 11:16:00.862238,28.314,0.478,0.5249,0.5288,0.4477,0.4829,0.5914,0.1114,0.3656,0.3548,0.3431,0.3128,0.391
2020-05-27 11:16:00.955838,28.4076,0.4321,0.4585,0.48,0.3685,0.4018,0.5455,0.4066,0.5259,0.4643,0.3715,0.4868,0.5298
2020-05-27 11:16:01.049438,28.5012,0.4272,0.4565,0.4741,0.3509,0.3978,0.5425,0.4066,0.5259,0.4643,0.3715,0.4868,0.5298
2020-05-27 11:16:01.158638,28.6104,0.3754,0.392,0.4575,0.3079,0.3842,0.5269,0.5288,0.6403,0.5777,0.4819,0.5699,0.6188
2020-05-27 11:16:01.252238,28.704,0.2825,0.3353,0.4399,0.304,0.3392,0.4976,0.5894,0.652,0.4242,0.3636,0.5357,0.5865
2020-05-27 11:16:01.361438,28.8132,0.2952,0.3382,0.4399,0.3021,0.3392,0.4976,0.5894,0.652,0.4242,0.3636,0.5357,0.5865
2020-05-27 11:16:01.455038,28.9068,0.5142,0.5054,0.4848,0.2688,0.3978,0.5621,0.5396,0.6246,0.4301,0.3851,0.4858,0.5415
2020-05-27 11:16:01.564238,29.016,0.5386,0.564,0.5357,0.4389,0.52,0.6139,0.3597,0.4888,0.4223,0.3568,0.4154,0.4888
2020-05-27 11:16:01.657838,29.1096,0.5376,0.563,0.5415,0.4477,0.5259,0.6158,0.3597,0.4888,0.4223,0.3568,0.4154,0.4888
2020-05-27 11:16:01.751438,29.2032,0.5142,0.5464,0.5455,0.4673,0.5122,0.6051,0.2805,0.4057,0.2375,0.2414,0.2835,0.3822
2020-05-27 11:16:01.860638,29.3124,0.5181,0.5464,0.5435,0.4536,0.5044,0.5982,0.2805,0.4057,0.2375,0.2414,0.2835,0.3822
2020-05-27 11:16:01.954238,29.406,0.3969,0.4555,0.4741,0.3695,0.4106,0.5572,0.5562,0.6158,0.4633,0.3304,0.5298,0.5582
2020-05-27 11:16:02.063438,29.5152,0.4047,0.4506,0.4624,0.2962,0.3793,0.5533,0.6256,0.6618,0.5523,0.3959,0.5826,0.6168
2020-05-27 11:16:02.157038,29.6088,0.4047,0.4487,0.4614,0.2903,0.3783,0.5503,0.6256,0.6618,0.5523,0.3959,0.5826,0.6168
2020-05-27 11:16:02.250638,29.7024,0.2493,0.3275,0.4565,0.3216,0.3607,0.5249,0.5591,0.6364,0.5934,0.4819,0.5679,0.5953
2020-05-27 11:16:02.359838,29.8116,0.5269,0.5122,0.5054,0.3695,0.4448,0.5865,0.4321,0.5513,0.5249,0.4497,0.5103,0.5376
2020-05-27 11:16:02.453438,29.9052,0.5288,0.5161,0.5054,0.3695,0.4448,0.5865,0.4321,0.5513,0.5249,0.4497,0.5083,0.5367
2020-05-27 11:16:02.562638,30.0144,0.5543,0.5728,0.5494,0.4594,0.5288,0.6149,0.3715,0.479,0.3783,0.3099,0.4027,0.4761
2020-05-27 11:16:02.656238,30.108,0.5474,0.5728,0.5494,0.4594,0.5269,0.6129,0.347,0.4585,0.3382,0.2923,0.3812,0.4721
2020-05-27 11:16:02.749838,30.2016,0.4291,0.4809,0.5269,0.4721,0.4575,0.566,0.4633,0.5024,0.3441,0.2737,0.3998,0.4868
2020-05-27 11:16:02.859038,30.3108,0.3842,0.437,0.477,0.3519,0.3939,0.5455,0.5904,0.6403,0.4927,0.3421,0.5464,0.5689
2020-05-27 11:16:02.952638,30.4044,0.3891,0.4379,0.4731,0.3167,0.3881,0.5464,0.5982,0.6452,0.5054,0.347,0.5464,0.5689
2020-05-27 11:16:03.061838,30.5136,0.3412,0.3568,0.4311,0.2278,0.3509,0.5249,0.5611,0.6549,0.5826,0.4653,0.5826,0.6129
2020-05-27 11:16:03.155438,30.6072,0.2962,0.348,0.4653,0.3275,0.347,0.5112,0.4653,0.5885,0.563,0.4692,0.5279,0.5474
2020-05-27 11:16:03.249038,30.7008,0.3157,0.3529,0.4712,0.3324,0.347,0.5112,0.4653,0.5885,0.563,0.4692,0.5279,0.5474
2020-05-27 11:16:03.358238,30.81,0.5083,0.5034,0.48,0.2776,0.4614,0.5973,0.4164,0.5249,0.4731,0.3675,0.4565,0.4809
2020-05-27 11:16:03.451838,30.9036,0.4565,0.4995,0.5054,0.4506,0.521,0.6129,0.3109,0.4194,0.2532,0.2512,0.3343,0.436
2020-05-27 11:16:03.561038,31.0128,0.4448,0.4829,0.5044,0.4536,0.521,0.6129,0.3109,0.4194,0.2532,0.2512,0.3343,0.436
2020-05-27 11:16:03.654638,31.1064,0.4477,0.4712,0.4985,0.4497,0.4751,0.5846,0.5142,0.5112,0.2454,0.2717,0.4213,0.48
2020-05-27 11:16:03.763838,31.2156,0.434,0.4487,0.4448,0.2366,0.3763,0.5357,0.6012,0.6481,0.5415,0.435,0.566,0.5934
2020-05-27 11:16:03.857438,31.3092,0.4379,0.4506,0.4477,0.2209,0.3763,0.5357,0.6012,0.6481,0.5415,0.435,0.566,0.5934
2020-05-27 11:16:03.951038,31.4028,0.3509,0.3617,0.4233,0.2209,0.349,0.5191,0.5679,0.6491,0.5875,0.4848,0.5797,0.6168
2020-05-27 11:16:04.060238,31.512,0.4614,0.4409,0.4653,0.2229,0.3558,0.5318,0.48,0.5728,0.5494,0.4721,0.5367,0.5601
2020-05-27 11:16:04.153838,31.6056,0.4956,0.4712,0.4653,0.2229,0.3636,0.5425,0.4594,0.5552,0.5396,0.4712,0.5298,0.5523
2020-05-27 11:16:04.263038,31.7148,0.5503,0.564,0.5064,0.348,0.4858,0.607,0.3441,0.4731,0.4272,0.3754,0.4428,0.4927
2020-05-27 11:16:04.356638,31.8084,0.5513,0.5689,0.5161,0.393,0.4858,0.607,0.3441,0.4731,0.4272,0.3754,0.4428,0.4927
2020-05-27 11:16:04.450238,31.902,0.5044,0.5318,0.522,0.4487,0.4868,0.5953,0.2082,0.4125,0.3392,0.3587,0.3715,0.435
2020-05-27 11:16:04.559438,32.0112,0.391,0.4438,0.48,0.4282,0.3988,0.5464,0.4809,0.5826,0.4819,0.4096,0.5181,0.5406
2020-05-27 11:16:04.653038,32.1048,0.3851,0.4272,0.4721,0.4125,0.3988,0.5464,0.4809,0.5826,0.4819,0.4096,0.5181,0.5406
2020-05-27 11:16:04.762238,32.214,0.3949,0.4164,0.4653,0.3558,0.3724,0.5396,0.5562,0.6579,0.6012,0.4966,0.5953,0.6227
2020-05-27 11:16:04.855838,32.3076,0.2581,0.3304,0.4545,0.3069,0.348,0.5142,0.4203,0.6295,0.6061,0.5083,0.5777,0.609
2020-05-27 11:16:04.949438,32.4012,0.2923,0.348,0.4614,0.2581,0.3392,0.4995,0.3988,0.6139,0.6012,0.5093,0.5611,0.5836
2020-05-27 11:16:05.058638,32.5104,0.521,0.523,0.5005,0.2248,0.3832,0.5464,0.2825,0.5073,0.5279,0.4692,0.5044,0.5269
2020-05-27 11:16:05.152238,32.604,0.5171,0.5239,0.5005,0.2512,0.3959,0.5582,0.2864,0.5093,0.5259,0.4673,0.5044,0.5269
2020-05-27 11:16:05.261438,32.7132,0.5132,0.5386,0.5112,0.4154,0.5112,0.6149,0.3148,0.4868,0.4301,0.3715,0.4438,0.4946
2020-05-27 11:16:05.355038,32.8068,0.4741,0.5171,0.5327,0.4741,0.4917,0.5953,0.2199,0.4106,0.3372,0.347,0.3685,0.4614
2020-05-27 11:16:05.464238,32.916,0.4575,0.5064,0.5327,0.477,0.48,0.5875,0.2561,0.436,0.3793,0.3568,0.3685,0.4614
2020-05-27 11:16:05.557838,33.0096,0.348,0.3988,0.4673,0.4174,0.3949,0.5543,0.521,0.6002,0.5044,0.3881,0.5396,0.5552
2020-05-27 11:16:05.651438,33.1032,0.349,0.3959,0.3734,0.2444,0.3685,0.5562,0.5894,0.65,0.5415,0.4106,0.5875,0.6217
2020-05-27 11:16:05.760638,33.2124,0.3284,0.393,0.3754,0.2307,0.3685,0.5562,0.5894,0.65,0.5415,0.4106,0.5875,0.6217
2020-05-27 11:16:05.854238,33.306,0.436,0.4545,0.4096,0.1887,0.3441,0.5415,0.4242,0.6022,0.5689,0.478,0.5582,0.5924
2020-05-27 11:16:05.963438,33.4152,0.4487,0.4692,0.4213,0.2014,0.3529,0.5445,0.4242,0.6022,0.5689,0.478,0.5582,0.5924
2020-05-27 11:16:06.057038,33.5088,0.5181,0.5464,0.5122,0.437,0.5005,0.61,0.3363,0.5044,0.4663,0.3988,0.4761,0.5103
2020-05-27 11:16:06.150638,33.6024,0.4536,0.523,0.5249,0.4506,0.4878,0.5914,0.2209,0.393,0.3314,0.304,0.3441,0.4389
2020-05-27 11:16:06.259838,33.7116,0.4497,0.52,0.5259,0.4594,0.478,0.5836,0.2239,0.3949,0.3382,0.303,0.3353,0.4262
2020-05-27 11:16:06.353438,33.8052,0.347,0.4457,0.4956,0.4643,0.4027,0.5455,0.4888,0.5582,0.4653,0.3441,0.478,0.5093
2020-05-27 11:16:06.462638,33.9144,0.3324,0.4115,0.4878,0.4565,0.392,0.5367,0.5738,0.6334,0.5308,0.3891,0.5318,0.5494
2020-05-27 11:16:06.556238,34.008,0.3695,0.4213,0.4848,0.4291,0.3803,0.5357,0.5748,0.653,0.566,0.4389,0.5758,0.607
2020-05-27 11:16:06.649838,34.1016,0.3275,0.3578,0.4565,0.3196,0.35,0.5034,0.563,0.6549,0.5806,0.4692,0.5777,0.6149
2020-05-27 11:16:06.759038,34.2108,0.3216,0.3568,0.4575,0.3187,0.349,0.5034,0.563,0.6549,0.5806,0.4692,0.5777,0.6149
2020-05-27 11:16:06.852638,34.3044,0.5132,0.522,0.5083,0.3001,0.4066,0.5582,0.3333,0.5435,0.5367,0.4712,0.5034,0.5269
2020-05-27 11:16:06.961838,34.4136,0.5484,0.5914,0.5611,0.4712,0.5347,0.6119,0.263,0.4604,0.4536,0.4106,0.4614,0.5015
2020-05-27 11:16:07.055438,34.5072,0.5445,0.5924,0.5621,0.478,0.5357,0.6119,0.263,0.4604,0.4536,0.4106,0.4614,0.5015
2020-05-27 11:16:07.149038,34.6008,0.5181,0.5689,0.5543,0.4741,0.4995,0.5904,0.2082,0.4213,0.4076,0.3568,0.3724,0.4467
2020-05-27 11:16:07.258238,34.71,0.4594,0.4858,0.4809,0.3314,0.3812,0.521,0.4897,0.5865,0.4927,0.393,0.5083,0.5347
2020-05-27 11:16:07.351838,34.8036,0.4604,0.4712,0.4761,0.3148,0.3842,0.523,0.5318,0.6158,0.5142,0.3969,0.5249,0.5464
2020-05-27 11:16:07.461038,34.9128,0.4418,0.4526,0.4653,0.2796,0.3587,0.5122,0.5679,0.6569,0.5797,0.4682,0.5826,0.6178
2020-05-27 11:16:07.554638,35.0064,0.435,0.4487,0.4702,0.2903,0.3617,0.5142,0.5699,0.6569,0.5797,0.4682,0.5855,0.6197
2020-05-27 11:16:07.663838,35.1156,0.2747,0.3656,0.4936,0.3783,0.3627,0.5103,0.5425,0.652,0.5601,0.4682,0.566,0.6051
2020-05-27 11:16:07.757438,35.2092,0.5298,0.563,0.5327,0.3666,0.4399,0.5718,0.3646,0.5513,0.5054,0.4389,0.5005,0.5288
2020-05-27 11:16:07.851038,35.3028,0.5308,0.564,0.5308,0.3793,0.4526,0.5718,0.3646,0.5513,0.5054,0.4389,0.5005,0.5288
2020-05-27 11:16:07.960238,35.412,0.5259,0.5758,0.564,0.479,0.522,0.608,0.2727,0.4467,0.4135,0.3578,0.4409,0.4897
2020-05-27 11:16:08.053838,35.5056,0.4741,0.5386,0.5601,0.4741,0.4633,0.565,0.2346,0.4194,0.4545,0.3685,0.4135,0.4848
2020-05-27 11:16:08.163038,35.6148,0.4751,0.5347,0.5562,0.4624,0.4633,0.565,0.2346,0.4194,0.4545,0.3685,0.4135,0.4848
2020-05-27 11:16:08.256638,35.7084,0.4457,0.4692,0.4888,0.3392,0.3881,0.5308,0.5064,0.608,0.5601,0.4291,0.5396,0.5572
2020-05-27 11:16:08.350238,35.802,0.4624,0.479,0.4927,0.3128,0.3695,0.52,0.5523,0.6442,0.6012,0.4868,0.5806,0.5982
2020-05-27 11:16:08.459438,35.9112,0.3793,0.3978,0.4761,0.3206,0.3763,0.52,0.5484,0.6461,0.6051,0.4927,0.5904,0.6188
2020-05-27 11:16:08.553038,36.0048,0.1349,0.2942,0.4966,0.3988,0.3558,0.4946,0.3519,0.565,0.6012,0.5103,0.5425,0.5562
2020-05-27 11:16:08.662238,36.114,0.2424,0.3324,0.5073,0.391,0.3597,0.4985,0.2923,0.5112,0.5797,0.5093,0.521,0.5376
2020-05-27 11:16:08.755838,36.2076,0.48,0.5308,0.5259,0.391,0.4291,0.566,0.3118,0.5034,0.5484,0.4751,0.5054,0.5239
2020-05-27 11:16:08.849438,36.3012,0.5279,0.5904,0.5591,0.4643,0.5337,0.6149,0.3568,0.4995,0.4409,0.3421,0.4311,0.4976
2020-05-27 11:16:08.958638,36.4104,0.5298,0.5914,0.5591,0.4545,0.5308,0.6119,0.3568,0.4995,0.4409,0.3421,0.4311,0.4976
2020-05-27 11:16:09.052238,36.504,0.4976,0.5318,0.5152,0.4438,0.4545,0.5738,0.3431,0.4907,0.4731,0.3685,0.4457,0.4966
2020-05-27 11:16:09.161438,36.6132,0.4526,0.4761,0.4653,0.3451,0.3861,0.5376,0.5777,0.6432,0.5621,0.4018,0.5552,0.5738
2020-05-27 11:16:09.255038,36.7068,0.4477,0.4741,0.4653,0.3392,0.3861,0.5376,0.5777,0.6432,0.5621,0.4018,0.5552,0.5738
2020-05-27 11:16:09.364238,36.816,0.392,0.4555,0.4721,0.3128,0.3607,0.5181,0.5455,0.6579,0.6041,0.4888,0.5943,0.6246
2020-05-27 11:16:09.457838,36.9096,0.392,0.4418,0.4702,0.3157,0.3617,0.5181,0.5337,0.6549,0.6051,0.4927,0.5934,0.6246
2020-05-27 11:16:09.551438,37.0032,0.3314,0.3881,0.4888,0.3842,0.3871,0.5425,0.5357,0.6471,0.4829,0.434,0.5083,0.5513
2020-05-27 11:16:09.660638,37.1124,0.5093,0.5582,0.5386,0.436,0.4643,0.5894,0.3861,0.5484,0.5073,0.4418,0.4976,0.5152
2020-05-27 11:16:09.754238,37.206,0.5171,0.5621,0.5386,0.4448,0.4878,0.6031,0.3666,0.5308,0.4936,0.4174,0.4976,0.5152
2020-05-27 11:16:09.863438,37.3152,0.52,0.5767,0.5484,0.4545,0.5142,0.608,0.2199,0.3871,0.3324,0.3206,0.3744,0.4643
2020-05-27 11:16:09.957038,37.4088,0.4164,0.4946,0.522,0.4487,0.4233,0.5513,0.3529,0.5239,0.4457,0.3656,0.4585,0.5034
2020-05-27 11:16:10.050638,37.5024,0.3959,0.4692,0.5034,0.4389,0.4233,0.5513,0.3529,0.5239,0.4457,0.3656,0.4585,0.5034
2020-05-27 11:16:10.159838,37.6116,0.4057,0.4585,0.478,0.3304,0.39,0.5455,0.5308,0.6364,0.5689,0.4487,0.5464,0.566
2020-05-27 11:16:10.253438,37.7052,0.4057,0.4575,0.4692,0.3187,0.3822,0.5455,0.5308,0.6364,0.5689,0.4487,0.5464,0.566
2020-05-27 11:16:10.362638,37.8144,0.218,0.3245,0.4545,0.3206,0.3509,0.5044,0.5386,0.6461,0.5885,0.4761,0.5709,0.5973
2020-05-27 11:16:10.456238,37.908,0.5054,0.5112,0.5152,0.306,0.3969,0.5543,0.5132,0.6315,0.4438,0.3988,0.4878,0.5445
2020-05-27 11:16:10.549838,38.0016,0.5249,0.5533,0.5152,0.306,0.3969,0.5543,0.5132,0.6315,0.4438,0.3988,0.4878,0.5445
2020-05-27 11:16:10.659038,38.1108,0.5494,0.5875,0.5562,0.4497,0.5239,0.6178,0.4223,0.5396,0.4428,0.3627,0.4809,0.5112
2020-05-27 11:16:10.752638,38.2044,0.5347,0.5846,0.5621,0.4682,0.5249,0.6109,0.263,0.4213,0.3294,0.3226,0.3734,0.4624
2020-05-27 11:16:10.861838,38.3136,0.4819,0.5357,0.5533,0.4575,0.4897,0.5865,0.219,0.4164,0.35,0.3294,0.3578,0.4272
2020-05-27 11:16:10.955438,38.4072,0.4106,0.4633,0.521,0.4301,0.4027,0.5425,0.4702,0.5758,0.4985,0.3949,0.5083,0.5318
2020-05-27 11:16:11.049038,38.5008,0.4106,0.4614,0.5122,0.4184,0.3969,0.5425,0.5083,0.5924,0.5064,0.3949,0.5161,0.5318
2020-05-27 11:16:11.158238,38.61,0.4194,0.4545,0.4721,0.3089,0.347,0.5298,0.6051,0.6598,0.5738,0.4409,0.5777,0.6109
2020-05-27 11:16:11.251838,38.7036,0.2815,0.3363,0.4086,0.2893,0.3216,0.5083,0.563,0.6471,0.5846,0.4682,0.566,0.5982
2020-05-27 11:16:11.361038,38.8128,0.2737,0.3324,0.4164,0.3001,0.3284,0.5112,0.5582,0.6432,0.5836,0.4682,0.5621,0.5982
2020-05-27 11:16:11.454638,38.9064,0.4526,0.4614,0.5044,0.3519,0.3734,0.5347,0.3021,0.5083,0.5249,0.4673,0.4858,0.5093
2020-05-27 11:16:11.563838,39.0156,0.5015,0.5298,0.5298,0.4399,0.4536,0.5836,0.3451,0.5191,0.477,0.3832,0.4809,0.5015
2020-05-27 11:16:11.657438,39.1092,0.5103,0.5425,0.5435,0.4594,0.4673,0.5836,0.3451,0.5191,0.477,0.3832,0.4809,0.5015
2020-05-27 11:16:11.751038,39.2028,0.5083,0.5435,0.5435,0.4448,0.4721,0.5826,0.2561,0.433,0.3656,0.3089,0.3587,0.4076
2020-05-27 11:16:11.860238,39.312,0.4673,0.4936,0.4976,0.3705,0.3939,0.5425,0.3675,0.5396,0.4731,0.3822,0.4692,0.5054
2020-05-27 11:16:11.953838,39.4056,0.4682,0.4848,0.4946,0.3548,0.391,0.5425,0.3675,0.5396,0.4731,0.3822,0.4692,0.5054
2020-05-27 11:16:12.063038,39.5148,0.3988,0.4438,0.4673,0.3265,0.3636,0.5279,0.5171,0.6442,0.5943,0.4868,0.563,0.5846
2020-05-27 11:16:12.156638,39.6084,0.3949,0.4379,0.4643,0.3206,0.3597,0.5249,0.5337,0.65,0.5943,0.4858,0.563,0.5846
2020-05-27 11:16:12.250238,39.702,0.045,0.2356,0.4497,0.3861,0.3333,0.4848,0.4653,0.6237,0.5582,0.4721,0.5435,0.566
2020-05-27 11:16:12.359438,39.8112,0.4076,0.4448,0.4927,0.3548,0.3851,0.5396,0.3099,0.5357,0.5367,0.4819,0.4985,0.5337
2020-05-27 11:16:12.453038,39.9048,0.433,0.4741,0.4976,0.3548,0.3851,0.5396,0.3099,0.5357,0.5367,0.4819,0.4985,0.5337
2020-05-27 11:16:12.562238,40.014,0.5308,0.567,0.5464,0.4526,0.5318,0.6168,0.3216,0.5122,0.4536,0.3871,0.4633,0.4907
2020-05-27 11:16:12.655838,40.1076,0.5171,0.5797,0.5562,0.4477,0.5132,0.5992,0.2297,0.4321,0.3695,0.3412,0.3715,0.4389
2020-05-27 11:16:12.749438,40.2012,0.5122,0.5758,0.5552,0.4477,0.5132,0.5992,0.2297,0.4321,0.3695,0.3412,0.3715,0.4389
2020-05-27 11:16:12.858638,40.3104,0.4477,0.4888,0.4819,0.2991,0.3763,0.522,0.5152,0.5934,0.4839,0.3763,0.5122,0.5367
2020-05-27 11:16:12.952238,40.404,0.4467,0.4819,0.4809,0.2395,0.3509,0.4966,0.5758,0.6413,0.5327,0.3891,0.5406,0.5582
2020-05-27 11:16:13.061438,40.5132,0.4379,0.4467,0.477,0.1975,0.3177,0.4809,0.5963,0.6598,0.5826,0.4536,0.5709,0.5973
2020-05-27 11:16:13.155038,40.6068,0.26,0.3167,0.435,0.2082,0.2903,0.4692,0.5152,0.6393,0.6022,0.4897,0.5689,0.5924
2020-05-27 11:16:13.264238,40.716,0.4731,0.4829,0.5083,0.3206,0.3744,0.5327,0.4291,0.5494,0.5543,0.4673,0.5073,0.521
2020-05-27 11:16:13.357838,40.8096,0.5122,0.5318,0.5083,0.3206,0.3744,0.5327,0.4291,0.5494,0.5337,0.4565,0.4976,0.5171
2020-05-27 11:16:13.451438,40.9032,0.5455,0.5875,0.5523,0.4164,0.5112,0.6119,0.3822,0.5152,0.4663,0.3803,0.4643,0.4966
2020-05-27 11:16:13.560638,41.0124,0.5464,0.5914,0.5591,0.434,0.5171,0.6139,0.3793,0.5112,0.4575,0.3685,0.4594,0.4966
2020-05-27 11:16:13.654238,41.106,0.5024,0.5621,0.5523,0.4418,0.4819,0.5855,0.218,0.3851,0.3392,0.3255,0.3216,0.3969
2020-05-27 11:16:13.763438,41.2152,0.4194,0.4839,0.5132,0.4106,0.3842,0.523,0.5024,0.5924,0.5015,0.3969,0.5103,0.5347
2020-05-27 11:16:13.857038,41.3088,0.4194,0.4712,0.5054,0.3959,0.3812,0.523,0.5024,0.5924,0.5015,0.3969,0.5103,0.5347
2020-05-27 11:16:13.950638,41.4024,0.3861,0.4467,0.4946,0.3881,0.3773,0.5406,0.5816,0.6618,0.5894,0.479,0.5728,0.6002
2020-05-27 11:16:14.059838,41.5116,0.3167,0.3441,0.4467,0.2942,0.3421,0.52,0.5621,0.6471,0.5846,0.478,0.5806,0.6031
2020-05-27 11:16:14.153438,41.6052,0.26,0.3216,0.4389,0.2942,0.3421,0.52,0.5621,0.6471,0.5846,0.478,0.5806,0.6031
2020-05-27 11:16:14.262638,41.7144,0.4888,0.5044,0.5122,0.3138,0.3842,0.5425,0.4526,0.5562,0.5318,0.4653,0.5171,0.5406
2020-05-27 11:16:14.356238,41.808,0.5279,0.5699,0.5327,0.3803,0.4448,0.5846,0.4008,0.5425,0.5308,0.4643,0.5044,0.5269
2020-05-27 11:16:14.449838,41.9016,0.52,0.5738,0.5572,0.4604,0.5191,0.6139,0.349,0.4927,0.4379,0.3754,0.4448,0.4878
2020-05-27 11:16:14.559038,42.0108,0.4809,0.5455,0.5494,0.4516,0.48,0.5865,0.2913,0.4252,0.2903,0.2766,0.3284,0.4125
2020-05-27 11:16:14.652638,42.1044,0.4751,0.5376,0.5464,0.4545,0.478,0.5826,0.3138,0.4252,0.2903,0.2766,0.3284,0.4125
2020-05-27 11:16:14.761838,42.2136,0.3969,0.4594,0.4927,0.3617,0.3763,0.5161,0.5797,0.6432,0.5279,0.3851,0.5513,0.5767
2020-05-27 11:16:14.855438,42.3072,0.4409,0.4712,0.4829,0.2581,0.3597,0.5191,0.5963,0.6667,0.5992,0.4712,0.5934,0.6237
2020-05-27 11:16:14.949038,42.4008,0.4448,0.4712,0.4829,0.2454,0.3597,0.5191,0.5963,0.6667,0.5992,0.4712,0.5934,0.6237
2020-05-27 11:16:15.058238,42.51,0.1574,0.2991,0.4526,0.2972,0.3304,0.4888,0.5474,0.6383,0.5992,0.4848,0.5591,0.5816
2020-05-27 11:16:15.151838,42.6036,0.4917,0.5122,0.5122,0.3333,0.4096,0.5611,0.3539,0.5464,0.5611,0.4917,0.4985,0.5288
2020-05-27 11:16:15.261038,42.7128,0.5054,0.5386,0.52,0.3558,0.4418,0.5816,0.3363,0.5464,0.5601,0.4927,0.5122,0.5367
2020-05-27 11:16:15.354638,42.8064,0.4702,0.5396,0.5406,0.4585,0.4878,0.5963,0.2903,0.4555,0.3861,0.3519,0.4018,0.478
2020-05-27 11:16:15.463838,42.9156,0.4594,0.5327,0.5415,0.4555,0.4829,0.5914,0.262,0.4174,0.3275,0.3519,0.4018,0.478
2020-05-27 11:16:15.557438,43.0092,0.4526,0.5034,0.5318,0.433,0.4282,0.5552,0.2933,0.4653,0.4106,0.347,0.3891,0.4682
2020-05-27 11:16:15.651038,43.1028,0.4018,0.4545,0.4966,0.3372,0.3715,0.5064,0.5298,0.6315,0.5425,0.4184,0.5425,0.5601
2020-05-27 11:16:15.760238,43.212,0.3988,0.4536,0.4956,0.3216,0.3715,0.5064,0.5298,0.6315,0.5425,0.4184,0.5425,0.5601
2020-05-27 11:16:15.853838,43.3056,0.3988,0.4194,0.477,0.2923,0.3548,0.5161,0.5445,0.6461,0.564,0.4457,0.5699,0.5973
2020-05-27 11:16:15.963038,43.4148,0.2757,0.3343,0.4751,0.3333,0.3392,0.5034,0.346,0.5513,0.5777,0.4917,0.5112,0.521
2020-05-27 11:16:16.056638,43.5084,0.3206,0.3343,0.4751,0.3343,0.3412,0.5034,0.3265,0.5279,0.567,0.4858,0.4976,0.5073
2020-05-27 11:16:16.150238,43.602,0.4868,0.5112,0.5171,0.4223,0.4526,0.5836,0.3196,0.5044,0.4966,0.4164,0.4848,0.4936
2020-05-27 11:16:16.259438,43.7112,0.5024,0.5474,0.5435,0.4594,0.4985,0.6012,0.3069,0.4682,0.4145,0.3617,0.3978,0.4673
2020-05-27 11:16:16.353038,43.8048,0.4673,0.5279,0.5415,0.4516,0.4731,0.5865,0.2502,0.3978,0.3392,0.3255,0.3392,0.4389
2020-05-27 11:16:16.462238,43.914,0.4272,0.4819,0.522,0.436,0.3988,0.5327,0.3607,0.4927,0.4311,0.349,0.4291,0.4927
2020-05-27 11:16:16.555838,44.0076,0.3998,0.4663,0.5093,0.4213,0.3891,0.5161,0.3939,0.5103,0.4311,0.349,0.4291,0.4927
2020-05-27 11:16:16.649438,44.1012,0.4096,0.4418,0.48,0.3187,0.3578,0.5034,0.5376,0.6354,0.5406,0.4203,0.5543,0.5836
2020-05-27 11:16:16.758638,44.2104,0.1848,0.2972,0.4555,0.2962,0.2942,0.434,0.5249,0.6413,0.5943,0.4761,0.5738,0.607
2020-05-27 11:16:16.852238,44.304,0.1398,0.2854,0.4536,0.2962,0.2942,0.434,0.5249,0.6413,0.5943,0.4761,0.5738,0.607
2020-05-27 11:16:16.961438,44.4132,0.4379,0.3763,0.4848,0.3451,0.3343,0.4878,0.3372,0.523,0.5435,0.4614,0.4907,0.5064
2020-05-27 11:16:17.055038,44.5068,0.5298,0.564,0.5318,0.393,0.4868,0.6012,0.3392,0.5044,0.4956,0.3939,0.48,0.5024
2020-05-27 11:16:17.164238,44.616,0.5337,0.5689,0.5327,0.3891,0.4868,0.6012,0.3392,0.5044,0.4956,0.3939,0.48,0.5024
2020-05-27 11:16:17.257838,44.7096,0.48,0.5543,0.5464,0.4497,0.4927,0.5934,0.2356,0.3597,0.2649,0.2786,0.2835,0.4066
2020-05-27 11:16:17.351438,44.8032,0.48,0.5376,0.5464,0.4526,0.4848,0.5894,0.2287,0.3656,0.2737,0.2727,0.2874,0.4066
2020-05-27 11:16:17.460638,44.9124,0.3812,0.4526,0.5122,0.4418,0.3949,0.5367,0.4848,0.5513,0.4428,0.3226,0.4731,0.5181
2020-05-27 11:16:17.554238,45.006,0.4233,0.4624,0.5083,0.3089,0.3656,0.5191,0.5435,0.6491,0.5855,0.4673,0.5611,0.5836
2020-05-27 11:16:17.663438,45.1152,0.4115,0.4555,0.5054,0.3118,0.3656,0.523,0.5582,0.652,0.5924,0.4721,0.5699,0.5836
2020-05-27 11:16:17.757038,45.2088,0.1134,0.2805,0.4624,0.3548,0.3304,0.4927,0.5699,0.652,0.6012,0.479,0.5748,0.5973
2020-05-27 11:16:17.850638,45.3024,0.3089,0.347,0.4995,0.3939,0.3539,0.5103,0.3695,0.5347,0.5435,0.4702,0.5024,0.5239
2020-05-27 11:16:17.959838,45.4116,0.393,0.4057,0.5044,0.3734,0.3539,0.5103,0.3695,0.5347,0.5435,0.4702,0.5024,0.5239
2020-05-27 11:16:18.053438,45.5052,0.5386,0.5689,0.5435,0.4145,0.4966,0.6012,0.4066,0.522,0.4467,0.3587,0.4545,0.4976
2020-05-27 11:16:18.162638,45.6144,0.5103,0.5679,0.567,0.4526,0.4673,0.5679,0.3109,0.4262,0.3109,0.2717,0.347,0.4516
2020-05-27 11:16:18.256238,45.708,0.4907,0.5601,0.5689,0.4526,0.4673,0.5679,0.3109,0.4262,0.3109,0.2717,0.347,0.4516
2020-05-27 11:16:18.349838,45.8016,0.4272,0.479,0.5259,0.437,0.3763,0.4927,0.3763,0.4848,0.4135,0.3011,0.4145,0.4878
2020-05-27 11:16:18.459038,45.9108,0.4428,0.4868,0.5249,0.4184,0.3822,0.5024,0.4897,0.5513,0.4418,0.3089,0.4291,0.4985
2020-05-27 11:16:18.552638,46.0044,0.4506,0.4692,0.4946,0.3167,0.3607,0.5152,0.6041,0.65,0.5327,0.4066,0.563,0.6022
2020-05-27 11:16:18.661838,46.1136,0.3587,0.3558,0.3666,0.1799,0.2532,0.4565,0.6178,0.6569,0.5494,0.4301,0.5699,0.6158
2020-05-27 11:16:18.755438,46.2072,0.3509,0.3519,0.3558,0.172,0.2571,0.4565,0.6178,0.6569,0.5494,0.4301,0.5699,0.6158
2020-05-27 11:16:18.849038,46.3008,0.4311,0.4008,0.4653,0.3128,0.3353,0.5064,0.4839,0.5924,0.5425,0.4604,0.5064,0.5425
2020-05-27 11:16:18.958238,46.41,0.5142,0.5327,0.5396,0.4545,0.4848,0.5973,0.3783,0.5152,0.4555,0.3773,0.4487,0.5034
2020-05-27 11:16:19.051838,46.5036,0.522,0.5435,0.5464,0.4565,0.5034,0.5973,0.3783,0.5152,0.4555,0.3773,0.4487,0.5034
2020-05-27 11:16:19.161038,46.6128,0.5132,0.5699,0.5484,0.4409,0.4897,0.5943,0.217,0.392,0.304,0.3138,0.3314,0.4438
2020-05-27 11:16:19.254638,46.7064,0.4096,0.4604,0.5093,0.4272,0.3881,0.5308,0.4223,0.5484,0.4301,0.348,0.4751,0.5152
2020-05-27 11:16:19.363838,46.8156,0.4037,0.4545,0.5005,0.4154,0.3832,0.5249,0.4223,0.5484,0.4301,0.348,0.4751,0.5152
2020-05-27 11:16:19.457438,46.9092,0.4076,0.4545,0.4848,0.3148,0.3558,0.5161,0.5543,0.6491,0.5523,0.4282,0.5689,0.6012
2020-05-27 11:16:19.551038,47.0028,0.3099,0.346,0.4643,0.3109,0.3333,0.4936,0.3861,0.6325,0.5924,0.4868,0.5738,0.6061
2020-05-27 11:16:19.660238,47.112,0.2815,0.3382,0.4663,0.3109,0.3333,0.4936,0.3861,0.6325,0.5924,0.4868,0.5738,0.6061
2020-05-27 11:16:19.753838,47.2056,0.4438,0.4506,0.5064,0.3265,0.3675,0.5279,0.2942,0.5191,0.5415,0.4682,0.4966,0.522
2020-05-27 11:16:19.863038,47.3148,0.4888,0.4936,0.5181,0.3265,0.3959,0.5523,0.2981,0.5122,0.5357,0.4594,0.4966,0.522
2020-05-27 11:16:19.956638,47.4084,0.5142,0.5709,0.5611,0.4604,0.5044,0.6031,0.2981,0.4761,0.4428,0.3832,0.4262,0.4712
2020-05-27 11:16:20.050238,47.502,0.4633,0.5386,0.563,0.4946,0.477,0.5758,0.1838,0.3695,0.3196,0.3372,0.3294,0.4213
2020-05-27 11:16:20.159438,47.6112,0.4585,0.5327,0.564,0.4956,0.4712,0.5758,0.1838,0.3695,0.3196,0.3372,0.3294,0.4213
2020-05-27 11:16:20.253038,47.7048,0.3754,0.4467,0.5122,0.437,0.3646,0.4976,0.4809,0.5689,0.4848,0.3675,0.4897,0.5171
2020-05-27 11:16:20.362238,47.814,0.392,0.4311,0.4888,0.2913,0.3324,0.5005,0.609,0.6598,0.5699,0.4174,0.5738,0.5943
2020-05-27 11:16:20.455838,47.9076,0.3939,0.4272,0.4858,0.2845,0.3324,0.5005,0.609,0.6598,0.5699,0.4174,0.5738,0.5943
2020-05-27 11:16:20.549438,48.0012,0.2893,0.3412,0.4839,0.2933,0.3196,0.4829,0.5503,0.6383,0.5777,0.4457,0.567,0.5934
2020-05-27 11:16:20.658638,48.1104,0.2747,0.3421,0.4917,0.3196,0.3343,0.4966,0.5005,0.6168,0.5855,0.4731,0.5484,0.563
2020-05-27 11:16:20.752238,48.204,0.4878,0.5073,0.5259,0.3705,0.3978,0.5552,0.3822,0.5425,0.5425,0.4575,0.5044,0.5239
2020-05-27 11:16:20.861438,48.3132,0.5337,0.5797,0.5611,0.4526,0.5005,0.6012,0.4575,0.5083,0.391,0.2884,0.4008,0.4741
2020-05-27 11:16:20.955038,48.4068,0.5337,0.5797,0.5611,0.4565,0.5093,0.607,0.4643,0.5083,0.391,0.2884,0.4008,0.4741
2020-05-27 11:16:21.064238,48.516,0.5132,0.5572,0.5582,0.4614,0.5015,0.5982,0.3978,0.4497,0.2581,0.1857,0.2835,0.346
2020-05-27 11:16:21.157838,48.6096,0.3988,0.4438,0.479,0.4135,0.39,0.5464,0.5699,0.5973,0.4575,0.2835,0.4888,0.5161
2020-05-27 11:16:21.251438,48.7032,0.4008,0.4409,0.4702,0.3812,0.39,0.5464,0.5699,0.5973,0.4575,0.2835,0.4888,0.5161
2020-05-27 11:16:21.360638,48.8124,0.4536,0.4457,0.4174,0.2151,0.3451,0.5171,0.5924,0.6559,0.5728,0.4184,0.5767,0.6031
2020-05-27 11:16:21.454238,48.906,0.306,0.3441,0.4233,0.2708,0.3324,0.5044,0.565,0.6432,0.5865,0.4594,0.5689,0.5973
2020-05-27 11:16:21.563438,49.0152,0.2981,0.3451,0.4311,0.2796,0.3324,0.5044,0.565,0.6432,0.5865,0.4594,0.5689,0.5973
2020-05-27 11:16:21.657038,49.1088,0.5318,0.5523,0.5142,0.2698,0.4106,0.564,0.4213,0.5474,0.5191,0.4252,0.5132,0.5357
2020-05-27 11:16:21.750638,49.2024,0.5327,0.5738,0.5621,0.4633,0.5034,0.6002,0.391,0.5044,0.4409,0.3402,0.4448,0.4888
2020-05-27 11:16:21.859838,49.3116,0.5337,0.5748,0.566,0.4721,0.5034,0.6002,0.391,0.5044,0.4272,0.3324,0.4321,0.4917
2020-05-27 11:16:21.953438,49.4052,0.4897,0.5376,0.5523,0.4663,0.4555,0.5689,0.2512,0.4252,0.4262,0.3519,0.3832,0.4536
2020-05-27 11:16:22.062638,49.5144,0.4731,0.4878,0.5005,0.4223,0.3656,0.5103,0.521,0.5953,0.5474,0.3978,0.5015,0.5279
2020-05-27 11:16:22.156238,49.608,0.477,0.4868,0.5005,0.4223,0.3656,0.5103,0.521,0.5953,0.5474,0.393,0.5142,0.5415
2020-05-27 11:16:22.249838,49.7016,0.4467,0.4467,0.4839,0.2884,0.348,0.5112,0.5523,0.6549,0.6139,0.4878,0.5934,0.6276
2020-05-27 11:16:22.359038,49.8108,0.4467,0.4467,0.4839,0.2884,0.35,0.5132,0.5445,0.6559,0.6178,0.4878,0.5934,0.6276
2020-05-27 11:16:22.452638,49.9044,0.3069,0.3402,0.4741,0.2248,0.3118,0.4819,0.4878,0.6237,0.5963,0.4907,0.5777,0.6129
2020-05-27 11:16:22.561838,50.0136,0.5445,0.5699,0.5269,0.218,0.3959,0.563,0.3636,0.5288,0.5406,0.4682,0.5161,0.5455
2020-05-27 11:16:22.655438,50.1072,0.5386,0.5689,0.5279,0.2571,0.4076,0.563,0.3636,0.5288,0.5406,0.4682,0.5161,0.5455
2020-05-27 11:16:22.749038,50.2008,0.5396,0.5894,0.5621,0.4506,0.5142,0.6109,0.2913,0.5005,0.4712,0.4096,0.4888,0.5259
2020-05-27 11:16:22.858238,50.31,0.5406,0.5904,0.564,0.4575,0.5239,0.6129,0.1623,0.433,0.4594,0.4106,0.4907,0.5269
2020-05-27 11:16:22.951838,50.4036,0.5054,0.5611,0.5601,0.4526,0.4721,0.5777,0.1828,0.3842,0.4027,0.3744,0.4262,0.4868
2020-05-27 11:16:23.061038,50.5128,0.4457,0.4721,0.5073,0.3695,0.3744,0.5122,0.5679,0.6109,0.4692,0.3685,0.5279,0.563
2020-05-27 11:16:23.154638,50.6064,0.4497,0.4731,0.5083,0.3685,0.3773,0.521,0.5787,0.6178,0.4673,0.3675,0.5279,0.563
2020-05-27 11:16:23.263838,50.7156,0.3959,0.4467,0.5093,0.3871,0.3617,0.52,0.6051,0.6481,0.5171,0.4066,0.5718,0.6168
2020-05-27 11:16:23.357438,50.8092,0.0352,0.1867,0.4702,0.4066,0.3412,0.5103,0.4252,0.6256,0.5728,0.4878,0.5709,0.6129
2020-05-27 11:16:23.451038,50.9028,0.0352,0.1867,0.4702,0.4066,0.3412,0.5103,0.4252,0.6188,0.564,0.4839,0.5621,0.6129
2020-05-27 11:16:23.560238,51.012,0.4682,0.4761,0.522,0.3793,0.3939,0.5464,0.3636,0.5425,0.5445,0.4761,0.5171,0.5455
2020-05-27 11:16:23.653838,51.1056,0.5152,0.5533,0.5582,0.4536,0.4633,0.5846,0.3109,0.4829,0.4252,0.3666,0.4487,0.4966
2020-05-27 11:16:23.763038,51.2148,0.5191,0.5601,0.5621,0.4536,0.4633,0.5846,0.3109,0.4829,0.4252,0.3666,0.4487,0.4966
2020-05-27 11:16:23.856638,51.3084,0.5191,0.5611,0.5611,0.4585,0.4682,0.5777,0.1544,0.3685,0.349,0.3392,0.3304,0.4018
2020-05-27 11:16:23.950238,51.402,0.52,0.5484,0.5513,0.4506,0.4633,0.5738,0.2199,0.4027,0.3773,0.3441,0.3539,0.4174
2020-05-27 11:16:24.059438,51.5112,0.4311,0.437,0.4682,0.3333,0.3646,0.5083,0.5308,0.609,0.4995,0.3822,0.5239,0.5474
2020-05-27 11:16:24.153038,51.6048,0.3969,0.3998,0.437,0.2551,0.3402,0.5103,0.5718,0.6481,0.5513,0.4321,0.5689,0.5973
2020-05-27 11:16:24.262238,51.714,0.3744,0.3754,0.4311,0.2571,0.3353,0.5093,0.5816,0.6491,0.5552,0.4321,0.5709,0.5982
2020-05-27 11:16:24.355838,51.8076,0.045,0.1926,0.4272,0.347,0.3353,0.4936,0.52,0.6246,0.5611,0.4497,0.5611,0.5894
2020-05-27 11:16:24.449438,51.9012,0.4213,0.4418,0.5112,0.4037,0.3998,0.5552,0.3275,0.5308,0.5406,0.4643,0.5191,0.5455
2020-05-27 11:16:24.558638,52.0104,0.4663,0.4868,0.5171,0.3675,0.3998,0.5552,0.3275,0.5308,0.5406,0.4643,0.5191,0.5455
2020-05-27 11:16:24.652238,52.104,0.5357,0.5777,0.5572,0.4594,0.522,0.6139,0.3255,0.5005,0.4907,0.4037,0.479,0.5093
2020-05-27 11:16:24.761438,52.2132,0.5367,0.5846,0.5552,0.4438,0.5122,0.5992,0.2307,0.4018,0.3216,0.306,0.3148,0.3803
2020-05-27 11:16:24.855038,52.3068,0.5308,0.5787,0.5513,0.4438,0.5122,0.5992,0.2307,0.4018,0.3216,0.306,0.3148,0.3803
2020-05-27 11:16:24.964238,52.416,0.4379,0.4653,0.5064,0.4096,0.39,0.5259,0.5191,0.5865,0.4741,0.3519,0.5005,0.5269
2020-05-27 11:16:25.057838,52.5096,0.4213,0.4526,0.4839,0.3216,0.3724,0.5161,0.5806,0.6442,0.5298,0.393,0.5415,0.566
2020-05-27 11:16:25.151438,52.6032,0.4409,0.4565,0.4731,0.2933,0.3568,0.5181,0.5855,0.653,0.5543,0.4311,0.5718,0.61
2020-05-27 11:16:25.260638,52.7124,0.2375,0.3294,0.4448,0.2766,0.3421,0.4907,0.5601,0.6471,0.5836,0.4712,0.5836,0.6178
2020-05-27 11:16:25.354238,52.806,0.2375,0.3021,0.4448,0.303,0.3382,0.4917,0.5406,0.6413,0.5836,0.4751,0.5797,0.6149
2020-05-27 11:16:25.463438,52.9152,0.4956,0.4985,0.5083,0.3275,0.3949,0.5513,0.3587,0.5318,0.5396,0.4721,0.4956,0.5249
2020-05-27 11:16:25.557038,53.0088,0.5494,0.5846,0.5523,0.437,0.5279,0.6168,0.3343,0.4946,0.4653,0.392,0.4643,0.5054
2020-05-27 11:16:25.650638,53.1024,0.5484,0.5894,0.5552,0.4477,0.5327,0.6178,0.3343,0.4946,0.4653,0.392,0.4643,0.5054
2020-05-27 11:16:25.759838,53.2116,0.4643,0.5357,0.5543,0.4624,0.4956,0.5914,0.2688,0.4242,0.3118,0.2972,0.3324,0.4125
2020-05-27 11:16:25.853438,53.3052,0.3871,0.4633,0.5181,0.4477,0.3939,0.5269,0.3861,0.5396,0.4682,0.3793,0.4897,0.5122
2020-05-27 11:16:25.962638,53.4144,0.3832,0.4555,0.5112,0.4477,0.3939,0.5269,0.3861,0.5396,0.4682,0.3793,0.4897,0.522
2020-05-27 11:16:26.056238,53.508,0.4203,0.4545,0.4976,0.3529,0.3793,0.5396,0.5601,0.6461,0.5552,0.4223,0.566,0.5982
2020-05-27 11:16:26.149838,53.6016,0.218,0.3001,0.4526,0.3275,0.3431,0.4927,0.5376,0.6461,0.5894,0.4761,0.5797,0.6139
2020-05-27 11:16:26.259038,53.7108,0.1153,0.2659,0.4545,0.3372,0.3431,0.4927,0.5376,0.6461,0.5894,0.4761,0.5797,0.6139
2020-05-27 11:16:26.352638,53.8044,0.4731,0.4751,0.5122,0.3294,0.3939,0.5445,0.3118,0.5259,0.5484,0.4848,0.5093,0.5386
2020-05-27 11:16:26.461838,53.9136,0.5103,0.5239,0.522,0.3578,0.4301,0.5738,0.3245,0.5367,0.5523,0.477,0.5161,0.5435
2020-05-27 11:16:26.555438,54.0072,0.5298,0.565,0.5513,0.4526,0.5122,0.6109,0.3167,0.4927,0.4536,0.3861,0.4585,0.4966
2020-05-27 11:16:26.649038,54.1008,0.4956,0.5562,0.5533,0.4682,0.5034,0.5953,0.2229,0.3871,0.305,0.303,0.3148,0.4076
2020-05-27 11:16:26.758238,54.21,0.4809,0.5415,0.5533,0.4702,0.4976,0.5953,0.2229,0.3871,0.305,0.303,0.3148,0.4076
2020-05-27 11:16:26.851838,54.3036,0.39,0.4497,0.5122,0.4399,0.3959,0.5347,0.4487,0.5474,0.4604,0.3666,0.4829,0.521
2020-05-27 11:16:26.961038,54.4128,0.4125,0.4555,0.4956,0.35,0.3861,0.5376,0.5797,0.65,0.5523,0.4282,0.5718,0.607
2020-05-27 11:16:27.054638,54.5064,0.4125,0.4555,0.4907,0.3382,0.3715,0.5249,0.5924,0.65,0.5523,0.4282,0.5718,0.607
2020-05-27 11:16:27.163838,54.6156,0.1916,0.3128,0.4457,0.3177,0.3363,0.4839,0.5474,0.6442,0.5875,0.478,0.5797,0.6149
2020-05-27 11:16:27.257438,54.7092,0.1916,0.2972,0.4477,0.3226,0.3353,0.478,0.5474,0.6442,0.5885,0.48,0.5787,0.6149
2020-05-27 11:16:27.351038,54.8028,0.5083,0.523,0.5259,0.3705,0.4379,0.5758,0.349,0.5269,0.5386,0.4673,0.5093,0.5367
2020-05-27 11:16:27.460238,54.912,0.522,0.5376,0.5435,0.4848,0.5357,0.6178,0.3001,0.4614,0.4164,0.3666,0.4438,0.4907
2020-05-27 11:16:27.553838,55.0056,0.5152,0.5327,0.5415,0.4897,0.5376,0.6178,0.2405,0.4184,0.3832,0.3627,0.4106,0.4907
2020-05-27 11:16:27.663038,55.1148,0.4721,0.5288,0.5494,0.478,0.4976,0.5904,0.2737,0.4321,0.3763,0.3128,0.3597,0.4291
2020-05-27 11:16:27.756638,55.2084,0.3646,0.4252,0.5015,0.4399,0.4027,0.5464,0.5572,0.6188,0.5239,0.3842,0.5269,0.5445
2020-05-27 11:16:27.850238,55.302,0.3734,0.4301,0.4985,0.4399,0.4027,0.5464,0.5572,0.6188,0.5239,0.3842,0.5269,0.5445
2020-05-27 11:16:27.959438,55.4112,0.4506,0.4594,0.4633,0.2434,0.3744,0.5288,0.6109,0.6588,0.5728,0.4399,0.5865,0.6197
2020-05-27 11:16:28.053038,55.5048,0.2952,0.3392,0.4536,0.2893,0.3382,0.4946,0.4985,0.6285,0.5953,0.4868,0.5689,0.6041
2020-05-27 11:16:28.162238,55.614,0.305,0.346,0.4585,0.2893,0.3382,0.4946,0.4985,0.6285,0.5953,0.4868,0.5689,0.6041
2020-05-27 11:16:28.255838,55.7076,0.5288,0.5406,0.5152,0.2991,0.4409,0.5787,0.3333,0.5298,0.5484,0.4751,0.5161,0.5357
2020-05-27 11:16:28.349438,55.8012,0.5415,0.5699,0.5376,0.4125,0.5054,0.608,0.3275,0.5122,0.4995,0.4154,0.4985,0.5191
2020-05-27 11:16:28.458638,55.9104,0.5357,0.5806,0.5572,0.4673,0.5376,0.6197,0.3324,0.4829,0.4164,0.3519,0.4409,0.4966
2020-05-27 11:16:28.552238,56.004,0.4653,0.5249,0.5533,0.477,0.477,0.5787,0.2434,0.4184,0.3568,0.3177,0.35,0.4467
2020-05-27 11:16:28.661438,56.1132,0.4526,0.5122,0.5484,0.4751,0.4721,0.5738,0.2708,0.4399,0.3871,0.3324,0.35,0.4467
2020-05-27 11:16:28.755038,56.2068,0.4389,0.4643,0.4976,0.3715,0.4047,0.5533,0.5582,0.6276,0.5357,0.391,0.5308,0.5503
2020-05-27 11:16:28.864238,56.316,0.3803,0.3939,0.4673,0.3216,0.3724,0.522,0.5924,0.6569,0.5875,0.4643,0.5846,0.6168
2020-05-27 11:16:28.957838,56.4096,0.3519,0.3685,0.4633,0.3255,0.3666,0.5152,0.5826,0.654,0.5885,0.4643,0.5846,0.6168
2020-05-27 11:16:29.051438,56.5032,0.2952,0.3568,0.4829,0.3861,0.3763,0.523,0.4291,0.6061,0.5943,0.4936,0.5464,0.5689
2020-05-27 11:16:29.160638,56.6124,0.4663,0.4936,0.5142,0.3988,0.4242,0.5699,0.3226,0.52,0.5357,0.4585,0.5073,0.521
2020-05-27 11:16:29.254238,56.706,0.4692,0.4956,0.5142,0.4057,0.4321,0.5699,0.3226,0.52,0.5357,0.4585,0.5073,0.521
2020-05-27 11:16:29.363438,56.8152,0.4829,0.5259,0.5347,0.4614,0.5034,0.6051,0.2805,0.4418,0.3842,0.3568,0.4154,0.4897
2020-05-27 11:16:29.457038,56.9088,0.4389,0.4868,0.5376,0.4614,0.4614,0.5748,0.261,0.4409,0.3861,0.3431,0.3734,0.4555
2020-05-27 11:16:29.550638,57.0024,0.4291,0.4741,0.5308,0.4594,0.4614,0.5748,0.261,0.4409,0.3861,0.3431,0.3734,0.4555
2020-05-27 11:16:29.659838,57.1116,0.4027,0.4457,0.5064,0.4164,0.4047,0.5572,0.5894,0.6403,0.5239,0.391,0.5435,0.5748
2020-05-27 11:16:29.753438,57.2052,0.4047,0.4467,0.5044,0.4135,0.4066,0.5582,0.5875,0.6432,0.5347,0.391,0.5435,0.5748
2020-05-27 11:16:29.862638,57.3144,0.391,0.4233,0.478,0.3363,0.3812,0.523,0.5806,0.6579,0.6002,0.4721,0.5904,0.6237
2020-05-27 11:16:29.956238,57.408,0.0733,0.2864,0.4848,0.4106,0.3548,0.5015,0.5171,0.6188,0.5777,0.4712,0.5464,0.5816
2020-05-27 11:16:30.049838,57.5016,0.2424,0.3089,0.4956,0.4115,0.3607,0.5064,0.4809,0.6002,0.5679,0.4663,0.5386,0.564
2020-05-27 11:16:30.159038,57.6108,0.5191,0.5435,0.5445,0.4252,0.4604,0.5914,0.3363,0.5279,0.5464,0.479,0.5103,0.5367
2020-05-27 11:16:30.252638,57.7044,0.5464,0.5806,0.565,0.4682,0.5406,0.6197,0.306,0.4555,0.3812,0.3372,0.3969,0.478
2020-05-27 11:16:30.361838,57.8136,0.5533,0.5836,0.563,0.4526,0.5386,0.6178,0.306,0.4555,0.3812,0.3372,0.3969,0.478
2020-05-27 11:16:30.455438,57.9072,0.4545,0.5054,0.5503,0.4633,0.4751,0.5758,0.3451,0.4848,0.3949,0.3118,0.3998,0.4819
2020-05-27 11:16:30.549038,58.0008,0.4497,0.4624,0.4614,0.2786,0.3851,0.5425,0.5601,0.6354,0.5406,0.3861,0.5445,0.5699
2020-05-27 11:16:30.658238,58.11,0.4643,0.4682,0.4536,0.2385,0.3851,0.5425,0.5601,0.6354,0.5406,0.3861,0.5445,0.5699
2020-05-27 11:16:30.751838,58.2036,0.4467,0.4575,0.4203,0.172,0.3402,0.5034,0.6364,0.6676,0.5777,0.4086,0.5914,0.6149
2020-05-27 11:16:30.861038,58.3128,0.393,0.3675,0.4291,0.1994,0.3167,0.4888,0.5494,0.6481,0.6051,0.4936,0.5787,0.608
2020-05-27 11:16:30.954638,58.4064,0.393,0.3675,0.4291,0.2033,0.3226,0.5005,0.5494,0.6481,0.6051,0.4936,0.5787,0.608
2020-05-27 11:16:31.063838,58.5156,0.563,0.5836,0.5327,0.3353,0.4868,0.6041,0.4135,0.5445,0.5015,0.4321,0.5112,0.5337
2020-05-27 11:16:31.157438,58.6092,0.5767,0.6031,0.5572,0.4125,0.5357,0.6188,0.3353,0.4907,0.4252,0.3793,0.4624,0.4985
2020-05-27 11:16:31.251038,58.7028,0.5611,0.5992,0.5572,0.4135,0.5376,0.6168,0.3089,0.4653,0.3783,0.3392,0.4301,0.4927
2020-05-27 11:16:31.360238,58.812,0.4839,0.5308,0.5386,0.4457,0.4594,0.567,0.3382,0.4858,0.4184,0.3265,0.4174,0.4897
2020-05-27 11:16:31.453838,58.9056,0.4633,0.5171,0.5239,0.4311,0.4409,0.5582,0.3851,0.5122,0.433,0.3314,0.435,0.4917
2020-05-27 11:16:31.563038,59.0148,0.4555,0.4712,0.4819,0.2962,0.3763,0.5308,0.5621,0.6393,0.5474,0.392,0.5445,0.566
2020-05-27 11:16:31.656638,59.1084,0.39,0.4096,0.4712,0.2845,0.348,0.5112,0.5591,0.6491,0.5963,0.4692,0.5787,0.61
2020-05-27 11:16:31.750238,59.202,0.3509,0.3724,0.4643,0.2942,0.348,0.5112,0.5591,0.6491,0.5963,0.4692,0.5787,0.61
2020-05-27 11:16:31.859438,59.3112,0.3656,0.349,0.4878,0.3558,0.3724,0.5259,0.477,0.6022,0.5865,0.479,0.5327,0.5513
2020-05-27 11:16:31.953038,59.4048,0.5386,0.5621,0.5376,0.4321,0.4946,0.6051,0.3695,0.5298,0.5132,0.4242,0.4956,0.5073
2020-05-27 11:16:32.062238,59.514,0.5386,0.5621,0.5376,0.4321,0.4946,0.6051,0.3627,0.5249,0.4927,0.4018,0.4956,0.5073
2020-05-27 11:16:32.155838,59.6076,0.5171,0.5679,0.5533,0.4614,0.5122,0.607,0.2815,0.4379,0.349,0.3284,0.3812,0.4721
2020-05-27 11:16:32.249438,59.7012,0.4809,0.5415,0.5533,0.4663,0.5034,0.5973,0.2405,0.4008,0.3138,0.3128,0.3265,0.4311
2020-05-27 11:16:32.358638,59.8104,0.4497,0.48,0.521,0.4467,0.4174,0.5464,0.3109,0.4829,0.4428,0.3656,0.4223,0.4888
2020-05-27 11:16:32.452238,59.904,0.435,0.4545,0.4819,0.3099,0.3617,0.523,0.5875,0.654,0.5748,0.4272,0.567,0.5982
2020-05-27 11:16:32.561438,60.0132,0.437,0.4565,0.4809,0.3118,0.3666,0.523,0.5982,0.6598,0.5855,0.4272,0.567,0.5982
